Date,Segment,Amount,NPLRatio
Jan-06,ThaiBanks,,
Feb-06,ThaiBanks,,
Mar-06,ThaiBanks,,
Apr-06,ThaiBanks,,
May-06,ThaiBanks,,
Jun-06,ThaiBanks,,
Jul-06,ThaiBanks,,
Aug-06,ThaiBanks,,
Sep-06,ThaiBanks,,
Oct-06,ThaiBanks,,
Nov-06,ThaiBanks,,
Dec-06,ThaiBanks,228212,0.0447
Jan-07,ThaiBanks,,
Feb-07,ThaiBanks,,
Mar-07,ThaiBanks,235210,0.0457
Apr-07,ThaiBanks,,
May-07,ThaiBanks,,
Jun-07,ThaiBanks,249505,0.0479
Jul-07,ThaiBanks,,
Aug-07,ThaiBanks,,
Sep-07,ThaiBanks,254784,0.0483
Oct-07,ThaiBanks,,
Nov-07,ThaiBanks,,
Dec-07,ThaiBanks,232467,0.0427
Jan-08,ThaiBanks,,
Feb-08,ThaiBanks,,
Mar-08,ThaiBanks,244476,0.0409
Apr-08,ThaiBanks,,
May-08,ThaiBanks,,
Jun-08,ThaiBanks,228046,0.0377
Jul-08,ThaiBanks,,
Aug-08,ThaiBanks,,
Sep-08,ThaiBanks,225997,0.0359
Oct-08,ThaiBanks,,
Nov-08,ThaiBanks,,
Dec-08,ThaiBanks,212779,0.0319
Jan-09,ThaiBanks,,
Feb-09,ThaiBanks,,
Mar-09,ThaiBanks,225903,0.0336
Apr-09,ThaiBanks,,
May-09,ThaiBanks,,
Jun-09,ThaiBanks,219778,0.0333
Jul-09,ThaiBanks,,
Aug-09,ThaiBanks,,
Sep-09,ThaiBanks,214254,0.0323
Oct-09,ThaiBanks,,
Nov-09,ThaiBanks,,
Dec-09,ThaiBanks,201066,0.0296
Jan-10,ThaiBanks,,
Feb-10,ThaiBanks,,
Mar-10,ThaiBanks,197243,0.0279
Apr-10,ThaiBanks,,
May-10,ThaiBanks,,
Jun-10,ThaiBanks,186537,0.0266
Jul-10,ThaiBanks,,
Aug-10,ThaiBanks,,
Sep-10,ThaiBanks,181360,0.0251
Oct-10,ThaiBanks,,
Nov-10,ThaiBanks,,
Dec-10,ThaiBanks,161823,0.0212
Jan-11,ThaiBanks,,
Feb-11,ThaiBanks,,
Mar-11,ThaiBanks,160383,0.0195
Apr-11,ThaiBanks,,
May-11,ThaiBanks,,
Jun-11,ThaiBanks,152514,0.0183
Jul-11,ThaiBanks,,
Aug-11,ThaiBanks,,
Sep-11,ThaiBanks,136167,0.0163
Oct-11,ThaiBanks,,
Nov-11,ThaiBanks,,
Dec-11,ThaiBanks,127294,0.0148
Jan-12,ThaiBanks,,
Feb-12,ThaiBanks,,
Mar-12,ThaiBanks,129528,0.0145
Apr-12,ThaiBanks,,
May-12,ThaiBanks,,
Jun-12,ThaiBanks,126102,0.0138
Jul-12,ThaiBanks,,
Aug-12,ThaiBanks,,
Sep-12,ThaiBanks,122837,0.0127
Oct-12,ThaiBanks,,
Nov-12,ThaiBanks,,
Dec-12,ThaiBanks,110619,0.011
Jan-13,ThaiBanks,,
Feb-13,ThaiBanks,,
Mar-13,ThaiBanks,110787,0.0106
Apr-13,ThaiBanks,,
May-13,ThaiBanks,,
Jun-13,ThaiBanks,116845,0.011
Jul-13,ThaiBanks,,
Aug-13,ThaiBanks,,
Sep-13,ThaiBanks,120220,0.0112
Oct-13,ThaiBanks,,
Nov-13,ThaiBanks,,
Dec-13,ThaiBanks,122138,0.011
Jan-14,ThaiBanks,,
Feb-14,ThaiBanks,,
Mar-14,ThaiBanks,130572,0.0118
Apr-14,ThaiBanks,,
May-14,ThaiBanks,,
Jun-14,ThaiBanks,133105,0.012
Jul-14,ThaiBanks,,
Aug-14,ThaiBanks,,
Sep-14,ThaiBanks,144507,0.0128
Oct-14,ThaiBanks,,
Nov-14,ThaiBanks,,
Dec-14,ThaiBanks,136114,0.0117
Jan-15,ThaiBanks,,
Feb-15,ThaiBanks,,
Mar-15,ThaiBanks,147207,0.0122
Apr-15,ThaiBanks,,
May-15,ThaiBanks,,
Jun-15,ThaiBanks,151787,0.0125
Jul-15,ThaiBanks,,
Aug-15,ThaiBanks,,
Sep-15,ThaiBanks,160736,0.0134
Oct-15,ThaiBanks,,
Nov-15,ThaiBanks,,
Dec-15,ThaiBanks,156245,0.0128
Jan-16,ThaiBanks,,
Feb-16,ThaiBanks,,
Mar-16,ThaiBanks,164564,0.0132
Apr-16,ThaiBanks,,
May-16,ThaiBanks,,
Jun-16,ThaiBanks,173950,0.0138
Jul-16,ThaiBanks,,
Aug-16,ThaiBanks,,
Sep-16,ThaiBanks,182864,0.0146
Oct-16,ThaiBanks,,
Nov-16,ThaiBanks,,
Dec-16,ThaiBanks,177054,0.0141
Jan-17,ThaiBanks,,
Feb-17,ThaiBanks,,
Mar-17,ThaiBanks,185902,0.0147
Apr-17,ThaiBanks,,
May-17,ThaiBanks,,
Jun-17,ThaiBanks,188594,0.0145
Jul-17,ThaiBanks,,
Aug-17,ThaiBanks,,
Sep-17,ThaiBanks,197722,0.0149
Oct-17,ThaiBanks,,
Nov-17,ThaiBanks,,
Dec-17,ThaiBanks,199340,0.0146
Jan-18,ThaiBanks,,
Feb-18,ThaiBanks,,
Mar-18,ThaiBanks,207944,0.0148
Apr-18,ThaiBanks,,
May-18,ThaiBanks,,
Jun-18,ThaiBanks,210236,0.015
Jul-18,ThaiBanks,,
Aug-18,ThaiBanks,,
Sep-18,ThaiBanks,211639,0.0152
Oct-18,ThaiBanks,,
Nov-18,ThaiBanks,,
Dec-18,ThaiBanks,207588,0.0148
Jan-19,ThaiBanks,,
Feb-19,ThaiBanks,,
Mar-19,ThaiBanks,213883,0.015
Apr-19,ThaiBanks,,
May-19,ThaiBanks,,
Jun-19,ThaiBanks,217084,0.0153
Jul-19,ThaiBanks,,
Aug-19,ThaiBanks,,
Sep-19,ThaiBanks,227659,0.0158
Oct-19,ThaiBanks,,
Nov-19,ThaiBanks,,
Dec-19,ThaiBanks,233660,0.0161
Jan-06,ForeignBanks,,
Feb-06,ForeignBanks,,
Mar-06,ForeignBanks,,
Apr-06,ForeignBanks,,
May-06,ForeignBanks,,
Jun-06,ForeignBanks,,
Jul-06,ForeignBanks,,
Aug-06,ForeignBanks,,
Sep-06,ForeignBanks,,
Oct-06,ForeignBanks,,
Nov-06,ForeignBanks,,
Dec-06,ForeignBanks,5932,0.0103
Jan-07,ForeignBanks,,
Feb-07,ForeignBanks,,
Mar-07,ForeignBanks,2962,0.0052
Apr-07,ForeignBanks,,
May-07,ForeignBanks,,
Jun-07,ForeignBanks,2881,0.0052
Jul-07,ForeignBanks,,
Aug-07,ForeignBanks,,
Sep-07,ForeignBanks,3670,0.0064
Oct-07,ForeignBanks,,
Nov-07,ForeignBanks,,
Dec-07,ForeignBanks,3346,0.0061
Jan-08,ForeignBanks,,
Feb-08,ForeignBanks,,
Mar-08,ForeignBanks,3011,0.0048
Apr-08,ForeignBanks,,
May-08,ForeignBanks,,
Jun-08,ForeignBanks,1984,0.0029
Jul-08,ForeignBanks,,
Aug-08,ForeignBanks,,
Sep-08,ForeignBanks,1953,0.003
Oct-08,ForeignBanks,,
Nov-08,ForeignBanks,,
Dec-08,ForeignBanks,2646,0.0038
Jan-09,ForeignBanks,,
Feb-09,ForeignBanks,,
Mar-09,ForeignBanks,2340,0.0034
Apr-09,ForeignBanks,,
May-09,ForeignBanks,,
Jun-09,ForeignBanks,3131,0.0045
Jul-09,ForeignBanks,,
Aug-09,ForeignBanks,,
Sep-09,ForeignBanks,2840,0.0038
Oct-09,ForeignBanks,,
Nov-09,ForeignBanks,,
Dec-09,ForeignBanks,2150,0.0026
Jan-10,ForeignBanks,,
Feb-10,ForeignBanks,,
Mar-10,ForeignBanks,2190,0.0024
Apr-10,ForeignBanks,,
May-10,ForeignBanks,,
Jun-10,ForeignBanks,1874,0.0022
Jul-10,ForeignBanks,,
Aug-10,ForeignBanks,,
Sep-10,ForeignBanks,1643,0.0019
Oct-10,ForeignBanks,,
Nov-10,ForeignBanks,,
Dec-10,ForeignBanks,1619,0.0017
Jan-11,ForeignBanks,,
Feb-11,ForeignBanks,,
Mar-11,ForeignBanks,1288,0.0012
Apr-11,ForeignBanks,,
May-11,ForeignBanks,,
Jun-11,ForeignBanks,1190,0.001
Jul-11,ForeignBanks,,
Aug-11,ForeignBanks,,
Sep-11,ForeignBanks,1196,0.001
Oct-11,ForeignBanks,,
Nov-11,ForeignBanks,,
Dec-11,ForeignBanks,1877,0.0018
Jan-12,ForeignBanks,,
Feb-12,ForeignBanks,,
Mar-12,ForeignBanks,1818,0.0016
Apr-12,ForeignBanks,,
May-12,ForeignBanks,,
Jun-12,ForeignBanks,1746,0.0015
Jul-12,ForeignBanks,,
Aug-12,ForeignBanks,,
Sep-12,ForeignBanks,1511,0.0015
Oct-12,ForeignBanks,,
Nov-12,ForeignBanks,,
Dec-12,ForeignBanks,1280,0.0011
Jan-13,ForeignBanks,,
Feb-13,ForeignBanks,,
Mar-13,ForeignBanks,1231,0.001
Apr-13,ForeignBanks,,
May-13,ForeignBanks,,
Jun-13,ForeignBanks,1252,0.001
Jul-13,ForeignBanks,,
Aug-13,ForeignBanks,,
Sep-13,ForeignBanks,983,0.0009
Oct-13,ForeignBanks,,
Nov-13,ForeignBanks,,
Dec-13,ForeignBanks,1237,0.0011
Jan-14,ForeignBanks,,
Feb-14,ForeignBanks,,
Mar-14,ForeignBanks,1167,0.001
Apr-14,ForeignBanks,,
May-14,ForeignBanks,,
Jun-14,ForeignBanks,1180,0.001
Jul-14,ForeignBanks,,
Aug-14,ForeignBanks,,
Sep-14,ForeignBanks,1032,0.0009
Oct-14,ForeignBanks,,
Nov-14,ForeignBanks,,
Dec-14,ForeignBanks,944,0.0009
Jan-15,ForeignBanks,,
Feb-15,ForeignBanks,,
Mar-15,ForeignBanks,969,0.0012
Apr-15,ForeignBanks,,
May-15,ForeignBanks,,
Jun-15,ForeignBanks,1010,0.0012
Jul-15,ForeignBanks,,
Aug-15,ForeignBanks,,
Sep-15,ForeignBanks,1004,0.0013
Oct-15,ForeignBanks,,
Nov-15,ForeignBanks,,
Dec-15,ForeignBanks,889,0.0011
Jan-16,ForeignBanks,,
Feb-16,ForeignBanks,,
Mar-16,ForeignBanks,848,0.001
Apr-16,ForeignBanks,,
May-16,ForeignBanks,,
Jun-16,ForeignBanks,872,0.0009
Jul-16,ForeignBanks,,
Aug-16,ForeignBanks,,
Sep-16,ForeignBanks,725,0.0008
Oct-16,ForeignBanks,,
Nov-16,ForeignBanks,,
Dec-16,ForeignBanks,503,0.0006
Jan-17,ForeignBanks,,
Feb-17,ForeignBanks,,
Mar-17,ForeignBanks,487,0.0006
Apr-17,ForeignBanks,,
May-17,ForeignBanks,,
Jun-17,ForeignBanks,484,0.0006
Jul-17,ForeignBanks,,
Aug-17,ForeignBanks,,
Sep-17,ForeignBanks,479,0.0005
Oct-17,ForeignBanks,,
Nov-17,ForeignBanks,,
Dec-17,ForeignBanks,473,0.0005
Jan-18,ForeignBanks,,
Feb-18,ForeignBanks,,
Mar-18,ForeignBanks,466,0.0005
Apr-18,ForeignBanks,,
May-18,ForeignBanks,,
Jun-18,ForeignBanks,350,0.0004
Jul-18,ForeignBanks,,
Aug-18,ForeignBanks,,
Sep-18,ForeignBanks,357,0.0004
Oct-18,ForeignBanks,,
Nov-18,ForeignBanks,,
Dec-18,ForeignBanks,274,0.0003
Jan-19,ForeignBanks,,
Feb-19,ForeignBanks,,
Mar-19,ForeignBanks,276,0.0003
Apr-19,ForeignBanks,,
May-19,ForeignBanks,,
Jun-19,ForeignBanks,288,0.0003
Jul-19,ForeignBanks,,
Aug-19,ForeignBanks,,
Sep-19,ForeignBanks,372,0.0004
Oct-19,ForeignBanks,,
Nov-19,ForeignBanks,,
Dec-19,ForeignBanks,360,0.0004
Jan-06,TotalBanks,,
Feb-06,TotalBanks,,
Mar-06,TotalBanks,,
Apr-06,TotalBanks,,
May-06,TotalBanks,,
Jun-06,TotalBanks,,
Jul-06,TotalBanks,,
Aug-06,TotalBanks,,
Sep-06,TotalBanks,,
Oct-06,TotalBanks,,
Nov-06,TotalBanks,,
Dec-06,TotalBanks,234144,0.0412
Jan-07,TotalBanks,,
Feb-07,TotalBanks,,
Mar-07,TotalBanks,238172,0.0416
Apr-07,TotalBanks,,
May-07,TotalBanks,,
Jun-07,TotalBanks,252386,0.0439
Jul-07,TotalBanks,,
Aug-07,TotalBanks,,
Sep-07,TotalBanks,258455,0.0442
Oct-07,TotalBanks,,
Nov-07,TotalBanks,,
Dec-07,TotalBanks,235813,0.0394
Jan-08,TotalBanks,,
Feb-08,TotalBanks,,
Mar-08,TotalBanks,247488,0.0374
Apr-08,TotalBanks,,
May-08,TotalBanks,,
Jun-08,TotalBanks,230030,0.0342
Jul-08,TotalBanks,,
Aug-08,TotalBanks,,
Sep-08,TotalBanks,227950,0.0328
Oct-08,TotalBanks,,
Nov-08,TotalBanks,,
Dec-08,TotalBanks,215425,0.0292
Jan-09,TotalBanks,,
Feb-09,TotalBanks,,
Mar-09,TotalBanks,228243,0.0308
Apr-09,TotalBanks,,
May-09,TotalBanks,,
Jun-09,TotalBanks,222909,0.0305
Jul-09,TotalBanks,,
Aug-09,TotalBanks,,
Sep-09,TotalBanks,217094,0.0294
Oct-09,TotalBanks,,
Nov-09,TotalBanks,,
Dec-09,TotalBanks,203216,0.0267
Jan-10,TotalBanks,,
Feb-10,TotalBanks,,
Mar-10,TotalBanks,199433,0.025
Apr-10,TotalBanks,,
May-10,TotalBanks,,
Jun-10,TotalBanks,188411,0.024
Jul-10,TotalBanks,,
Aug-10,TotalBanks,,
Sep-10,TotalBanks,183003,0.0226
Oct-10,TotalBanks,,
Nov-10,TotalBanks,,
Dec-10,TotalBanks,163442,0.019
Jan-11,TotalBanks,,
Feb-11,TotalBanks,,
Mar-11,TotalBanks,161671,0.0174
Apr-11,TotalBanks,,
May-11,TotalBanks,,
Jun-11,TotalBanks,153704,0.0161
Jul-11,TotalBanks,,
Aug-11,TotalBanks,,
Sep-11,TotalBanks,137363,0.0145
Oct-11,TotalBanks,,
Nov-11,TotalBanks,,
Dec-11,TotalBanks,129171,0.0134
Jan-12,TotalBanks,,
Feb-12,TotalBanks,,
Mar-12,TotalBanks,131346,0.0131
Apr-12,TotalBanks,,
May-12,TotalBanks,,
Jun-12,TotalBanks,127848,0.0124
Jul-12,TotalBanks,,
Aug-12,TotalBanks,,
Sep-12,TotalBanks,124348,0.0116
Oct-12,TotalBanks,,
Nov-12,TotalBanks,,
Dec-12,TotalBanks,111899,0.01
Jan-13,TotalBanks,,
Feb-13,TotalBanks,,
Mar-13,TotalBanks,112018,0.0096
Apr-13,TotalBanks,,
May-13,TotalBanks,,
Jun-13,TotalBanks,118097,0.01
Jul-13,TotalBanks,,
Aug-13,TotalBanks,,
Sep-13,TotalBanks,121203,0.0102
Oct-13,TotalBanks,,
Nov-13,TotalBanks,,
Dec-13,TotalBanks,123375,0.0101
Jan-14,TotalBanks,,
Feb-14,TotalBanks,,
Mar-14,TotalBanks,131739,0.0107
Apr-14,TotalBanks,,
May-14,TotalBanks,,
Jun-14,TotalBanks,134285,0.0109
Jul-14,TotalBanks,,
Aug-14,TotalBanks,,
Sep-14,TotalBanks,145539,0.0117
Oct-14,TotalBanks,,
Nov-14,TotalBanks,,
Dec-14,TotalBanks,137058,0.0108
Jan-15,TotalBanks,,
Feb-15,TotalBanks,,
Mar-15,TotalBanks,148176,0.0115
Apr-15,TotalBanks,,
May-15,TotalBanks,,
Jun-15,TotalBanks,152797,0.0118
Jul-15,TotalBanks,,
Aug-15,TotalBanks,,
Sep-15,TotalBanks,161740,0.0127
Oct-15,TotalBanks,,
Nov-15,TotalBanks,,
Dec-15,TotalBanks,157134,0.0121
Jan-16,TotalBanks,,
Feb-16,TotalBanks,,
Mar-16,TotalBanks,165412,0.0124
Apr-16,TotalBanks,,
May-16,TotalBanks,,
Jun-16,TotalBanks,174822,0.0129
Jul-16,TotalBanks,,
Aug-16,TotalBanks,,
Sep-16,TotalBanks,183589,0.0137
Oct-16,TotalBanks,,
Nov-16,TotalBanks,,
Dec-16,TotalBanks,177557,0.0132
Jan-17,TotalBanks,,
Feb-17,TotalBanks,,
Mar-17,TotalBanks,186389,0.0138
Apr-17,TotalBanks,,
May-17,TotalBanks,,
Jun-17,TotalBanks,189078,0.0136
Jul-17,TotalBanks,,
Aug-17,TotalBanks,,
Sep-17,TotalBanks,198201,0.014
Oct-17,TotalBanks,,
Nov-17,TotalBanks,,
Dec-17,TotalBanks,199813,0.0138
Jan-18,TotalBanks,,
Feb-18,TotalBanks,,
Mar-18,TotalBanks,208410,0.0139
Apr-18,TotalBanks,,
May-18,TotalBanks,,
Jun-18,TotalBanks,210586,0.0142
Jul-18,TotalBanks,,
Aug-18,TotalBanks,,
Sep-18,TotalBanks,211996,0.0143
Oct-18,TotalBanks,,
Nov-18,TotalBanks,,
Dec-18,TotalBanks,207862,0.014
Jan-19,TotalBanks,,
Feb-19,TotalBanks,,
Mar-19,TotalBanks,214159,0.0141
Apr-19,TotalBanks,,
May-19,TotalBanks,,
Jun-19,TotalBanks,217372,0.0145
Jul-19,TotalBanks,,
Aug-19,TotalBanks,,
Sep-19,TotalBanks,228031,0.0149
Oct-19,TotalBanks,,
Nov-19,TotalBanks,,
Dec-19,TotalBanks,234020,0.0152
Jan-06,FinanceCompanies,,
Feb-06,FinanceCompanies,,
Mar-06,FinanceCompanies,,
Apr-06,FinanceCompanies,,
May-06,FinanceCompanies,,
Jun-06,FinanceCompanies,,
Jul-06,FinanceCompanies,,
Aug-06,FinanceCompanies,,
Sep-06,FinanceCompanies,,
Oct-06,FinanceCompanies,,
Nov-06,FinanceCompanies,,
Dec-06,FinanceCompanies,2258,0.041
Jan-07,FinanceCompanies,,
Feb-07,FinanceCompanies,,
Mar-07,FinanceCompanies,1851,0.0518
Apr-07,FinanceCompanies,,
May-07,FinanceCompanies,,
Jun-07,FinanceCompanies,1960,0.0613
Jul-07,FinanceCompanies,,
Aug-07,FinanceCompanies,,
Sep-07,FinanceCompanies,1985,0.062
Oct-07,FinanceCompanies,,
Nov-07,FinanceCompanies,,
Dec-07,FinanceCompanies,1881,0.0604
Jan-08,FinanceCompanies,,
Feb-08,FinanceCompanies,,
Mar-08,FinanceCompanies,1928,0.0491
Apr-08,FinanceCompanies,,
May-08,FinanceCompanies,,
Jun-08,FinanceCompanies,1865,0.0502
Jul-08,FinanceCompanies,,
Aug-08,FinanceCompanies,,
Sep-08,FinanceCompanies,1813,0.0486
Oct-08,FinanceCompanies,,
Nov-08,FinanceCompanies,,
Dec-08,FinanceCompanies,1814,0.0525
Jan-09,FinanceCompanies,,
Feb-09,FinanceCompanies,,
Mar-09,FinanceCompanies,1910,0.0578
Apr-09,FinanceCompanies,,
May-09,FinanceCompanies,,
Jun-09,FinanceCompanies,1504,0.05
Jul-09,FinanceCompanies,,
Aug-09,FinanceCompanies,,
Sep-09,FinanceCompanies,1182,0.0433
Oct-09,FinanceCompanies,,
Nov-09,FinanceCompanies,,
Dec-09,FinanceCompanies,1841,0.0688
Jan-10,FinanceCompanies,,
Feb-10,FinanceCompanies,,
Mar-10,FinanceCompanies,,
Apr-10,FinanceCompanies,,
May-10,FinanceCompanies,,
Jun-10,FinanceCompanies,,
Jul-10,FinanceCompanies,,
Aug-10,FinanceCompanies,,
Sep-10,FinanceCompanies,,
Oct-10,FinanceCompanies,,
Nov-10,FinanceCompanies,,
Dec-10,FinanceCompanies,,
Jan-11,FinanceCompanies,,
Feb-11,FinanceCompanies,,
Mar-11,FinanceCompanies,,
Apr-11,FinanceCompanies,,
May-11,FinanceCompanies,,
Jun-11,FinanceCompanies,,
Jul-11,FinanceCompanies,,
Aug-11,FinanceCompanies,,
Sep-11,FinanceCompanies,,
Oct-11,FinanceCompanies,,
Nov-11,FinanceCompanies,,
Dec-11,FinanceCompanies,,
Jan-12,FinanceCompanies,,
Feb-12,FinanceCompanies,,
Mar-12,FinanceCompanies,,
Apr-12,FinanceCompanies,,
May-12,FinanceCompanies,,
Jun-12,FinanceCompanies,,
Jul-12,FinanceCompanies,,
Aug-12,FinanceCompanies,,
Sep-12,FinanceCompanies,,
Oct-12,FinanceCompanies,,
Nov-12,FinanceCompanies,,
Dec-12,FinanceCompanies,,
Jan-13,FinanceCompanies,,
Feb-13,FinanceCompanies,,
Mar-13,FinanceCompanies,,
Apr-13,FinanceCompanies,,
May-13,FinanceCompanies,,
Jun-13,FinanceCompanies,,
Jul-13,FinanceCompanies,,
Aug-13,FinanceCompanies,,
Sep-13,FinanceCompanies,,
Oct-13,FinanceCompanies,,
Nov-13,FinanceCompanies,,
Dec-13,FinanceCompanies,,
Jan-14,FinanceCompanies,,
Feb-14,FinanceCompanies,,
Mar-14,FinanceCompanies,,
Apr-14,FinanceCompanies,,
May-14,FinanceCompanies,,
Jun-14,FinanceCompanies,,
Jul-14,FinanceCompanies,,
Aug-14,FinanceCompanies,,
Sep-14,FinanceCompanies,,
Oct-14,FinanceCompanies,,
Nov-14,FinanceCompanies,,
Dec-14,FinanceCompanies,,
Jan-15,FinanceCompanies,,
Feb-15,FinanceCompanies,,
Mar-15,FinanceCompanies,,
Apr-15,FinanceCompanies,,
May-15,FinanceCompanies,,
Jun-15,FinanceCompanies,,
Jul-15,FinanceCompanies,,
Aug-15,FinanceCompanies,,
Sep-15,FinanceCompanies,,
Oct-15,FinanceCompanies,,
Nov-15,FinanceCompanies,,
Dec-15,FinanceCompanies,,
Jan-16,FinanceCompanies,,
Feb-16,FinanceCompanies,,
Mar-16,FinanceCompanies,,
Apr-16,FinanceCompanies,,
May-16,FinanceCompanies,,
Jun-16,FinanceCompanies,,
Jul-16,FinanceCompanies,,
Aug-16,FinanceCompanies,,
Sep-16,FinanceCompanies,,
Oct-16,FinanceCompanies,,
Nov-16,FinanceCompanies,,
Dec-16,FinanceCompanies,,
Jan-17,FinanceCompanies,,
Feb-17,FinanceCompanies,,
Mar-17,FinanceCompanies,,
Apr-17,FinanceCompanies,,
May-17,FinanceCompanies,,
Jun-17,FinanceCompanies,,
Jul-17,FinanceCompanies,,
Aug-17,FinanceCompanies,,
Sep-17,FinanceCompanies,,
Oct-17,FinanceCompanies,,
Nov-17,FinanceCompanies,,
Dec-17,FinanceCompanies,,
Jan-18,FinanceCompanies,,
Feb-18,FinanceCompanies,,
Mar-18,FinanceCompanies,,
Apr-18,FinanceCompanies,,
May-18,FinanceCompanies,,
Jun-18,FinanceCompanies,,
Jul-18,FinanceCompanies,,
Aug-18,FinanceCompanies,,
Sep-18,FinanceCompanies,,
Oct-18,FinanceCompanies,,
Nov-18,FinanceCompanies,,
Dec-18,FinanceCompanies,,
Jan-19,FinanceCompanies,,
Feb-19,FinanceCompanies,,
Mar-19,FinanceCompanies,,
Apr-19,FinanceCompanies,,
May-19,FinanceCompanies,,
Jun-19,FinanceCompanies,,
Jul-19,FinanceCompanies,,
Aug-19,FinanceCompanies,,
Sep-19,FinanceCompanies,,
Oct-19,FinanceCompanies,,
Nov-19,FinanceCompanies,,
Dec-19,FinanceCompanies,,
Jan-06,FinancialInstitutions,,
Feb-06,FinancialInstitutions,,
Mar-06,FinancialInstitutions,,
Apr-06,FinancialInstitutions,,
May-06,FinancialInstitutions,,
Jun-06,FinancialInstitutions,,
Jul-06,FinancialInstitutions,,
Aug-06,FinancialInstitutions,,
Sep-06,FinancialInstitutions,,
Oct-06,FinancialInstitutions,,
Nov-06,FinancialInstitutions,,
Dec-06,FinancialInstitutions,236402,0.0412
Jan-07,FinancialInstitutions,,
Feb-07,FinancialInstitutions,,
Mar-07,FinancialInstitutions,240023,0.0417
Apr-07,FinancialInstitutions,,
May-07,FinancialInstitutions,,
Jun-07,FinancialInstitutions,254346,0.044
Jul-07,FinancialInstitutions,,
Aug-07,FinancialInstitutions,,
Sep-07,FinancialInstitutions,260440,0.0443
Oct-07,FinancialInstitutions,,
Nov-07,FinancialInstitutions,,
Dec-07,FinancialInstitutions,237695,0.0395
Jan-08,FinancialInstitutions,,
Feb-08,FinancialInstitutions,,
Mar-08,FinancialInstitutions,249416,0.0375
Apr-08,FinancialInstitutions,,
May-08,FinancialInstitutions,,
Jun-08,FinancialInstitutions,231895,0.0343
Jul-08,FinancialInstitutions,,
Aug-08,FinancialInstitutions,,
Sep-08,FinancialInstitutions,229763,0.0329
Oct-08,FinancialInstitutions,,
Nov-08,FinancialInstitutions,,
Dec-08,FinancialInstitutions,217239,0.0293
Jan-09,FinancialInstitutions,,
Feb-09,FinancialInstitutions,,
Mar-09,FinancialInstitutions,230153,0.031
Apr-09,FinancialInstitutions,,
May-09,FinancialInstitutions,,
Jun-09,FinancialInstitutions,224413,0.0306
Jul-09,FinancialInstitutions,,
Aug-09,FinancialInstitutions,,
Sep-09,FinancialInstitutions,218276,0.0295
Oct-09,FinancialInstitutions,,
Nov-09,FinancialInstitutions,,
Dec-09,FinancialInstitutions,205057,0.0268
Jan-10,FinancialInstitutions,,
Feb-10,FinancialInstitutions,,
Mar-10,FinancialInstitutions,,
Apr-10,FinancialInstitutions,,
May-10,FinancialInstitutions,,
Jun-10,FinancialInstitutions,,
Jul-10,FinancialInstitutions,,
Aug-10,FinancialInstitutions,,
Sep-10,FinancialInstitutions,,
Oct-10,FinancialInstitutions,,
Nov-10,FinancialInstitutions,,
Dec-10,FinancialInstitutions,,
Jan-11,FinancialInstitutions,,
Feb-11,FinancialInstitutions,,
Mar-11,FinancialInstitutions,,
Apr-11,FinancialInstitutions,,
May-11,FinancialInstitutions,,
Jun-11,FinancialInstitutions,,
Jul-11,FinancialInstitutions,,
Aug-11,FinancialInstitutions,,
Sep-11,FinancialInstitutions,,
Oct-11,FinancialInstitutions,,
Nov-11,FinancialInstitutions,,
Dec-11,FinancialInstitutions,,
Jan-12,FinancialInstitutions,,
Feb-12,FinancialInstitutions,,
Mar-12,FinancialInstitutions,,
Apr-12,FinancialInstitutions,,
May-12,FinancialInstitutions,,
Jun-12,FinancialInstitutions,,
Jul-12,FinancialInstitutions,,
Aug-12,FinancialInstitutions,,
Sep-12,FinancialInstitutions,,
Oct-12,FinancialInstitutions,,
Nov-12,FinancialInstitutions,,
Dec-12,FinancialInstitutions,,
Jan-13,FinancialInstitutions,,
Feb-13,FinancialInstitutions,,
Mar-13,FinancialInstitutions,,
Apr-13,FinancialInstitutions,,
May-13,FinancialInstitutions,,
Jun-13,FinancialInstitutions,,
Jul-13,FinancialInstitutions,,
Aug-13,FinancialInstitutions,,
Sep-13,FinancialInstitutions,,
Oct-13,FinancialInstitutions,,
Nov-13,FinancialInstitutions,,
Dec-13,FinancialInstitutions,,
Jan-14,FinancialInstitutions,,
Feb-14,FinancialInstitutions,,
Mar-14,FinancialInstitutions,,
Apr-14,FinancialInstitutions,,
May-14,FinancialInstitutions,,
Jun-14,FinancialInstitutions,,
Jul-14,FinancialInstitutions,,
Aug-14,FinancialInstitutions,,
Sep-14,FinancialInstitutions,,
Oct-14,FinancialInstitutions,,
Nov-14,FinancialInstitutions,,
Dec-14,FinancialInstitutions,,
Jan-15,FinancialInstitutions,,
Feb-15,FinancialInstitutions,,
Mar-15,FinancialInstitutions,,
Apr-15,FinancialInstitutions,,
May-15,FinancialInstitutions,,
Jun-15,FinancialInstitutions,,
Jul-15,FinancialInstitutions,,
Aug-15,FinancialInstitutions,,
Sep-15,FinancialInstitutions,,
Oct-15,FinancialInstitutions,,
Nov-15,FinancialInstitutions,,
Dec-15,FinancialInstitutions,,
Jan-16,FinancialInstitutions,,
Feb-16,FinancialInstitutions,,
Mar-16,FinancialInstitutions,,
Apr-16,FinancialInstitutions,,
May-16,FinancialInstitutions,,
Jun-16,FinancialInstitutions,,
Jul-16,FinancialInstitutions,,
Aug-16,FinancialInstitutions,,
Sep-16,FinancialInstitutions,,
Oct-16,FinancialInstitutions,,
Nov-16,FinancialInstitutions,,
Dec-16,FinancialInstitutions,,
Jan-17,FinancialInstitutions,,
Feb-17,FinancialInstitutions,,
Mar-17,FinancialInstitutions,,
Apr-17,FinancialInstitutions,,
May-17,FinancialInstitutions,,
Jun-17,FinancialInstitutions,,
Jul-17,FinancialInstitutions,,
Aug-17,FinancialInstitutions,,
Sep-17,FinancialInstitutions,,
Oct-17,FinancialInstitutions,,
Nov-17,FinancialInstitutions,,
Dec-17,FinancialInstitutions,,
Jan-18,FinancialInstitutions,,
Feb-18,FinancialInstitutions,,
Mar-18,FinancialInstitutions,,
Apr-18,FinancialInstitutions,,
May-18,FinancialInstitutions,,
Jun-18,FinancialInstitutions,,
Jul-18,FinancialInstitutions,,
Aug-18,FinancialInstitutions,,
Sep-18,FinancialInstitutions,,
Oct-18,FinancialInstitutions,,
Nov-18,FinancialInstitutions,,
Dec-18,FinancialInstitutions,,
Jan-19,FinancialInstitutions,,
Feb-19,FinancialInstitutions,,
Mar-19,FinancialInstitutions,,
Apr-19,FinancialInstitutions,,
May-19,FinancialInstitutions,,
Jun-19,FinancialInstitutions,,
Jul-19,FinancialInstitutions,,
Aug-19,FinancialInstitutions,,
Sep-19,FinancialInstitutions,,
Oct-19,FinancialInstitutions,,
Nov-19,FinancialInstitutions,,
Dec-19,FinancialInstitutions,,
Jan-06,NewIBFs,,
Feb-06,NewIBFs,,
Mar-06,NewIBFs,,
Apr-06,NewIBFs,,
May-06,NewIBFs,,
Jun-06,NewIBFs,,
Jul-06,NewIBFs,,
Aug-06,NewIBFs,,
Sep-06,NewIBFs,,
Oct-06,NewIBFs,,
Nov-06,NewIBFs,,
Dec-06,NewIBFs,,
Jan-07,NewIBFs,,
Feb-07,NewIBFs,,
Mar-07,NewIBFs,,
Apr-07,NewIBFs,,
May-07,NewIBFs,,
Jun-07,NewIBFs,,
Jul-07,NewIBFs,,
Aug-07,NewIBFs,,
Sep-07,NewIBFs,,
Oct-07,NewIBFs,,
Nov-07,NewIBFs,,
Dec-07,NewIBFs,,
Jan-08,NewIBFs,,
Feb-08,NewIBFs,,
Mar-08,NewIBFs,,
Apr-08,NewIBFs,,
May-08,NewIBFs,,
Jun-08,NewIBFs,,
Jul-08,NewIBFs,,
Aug-08,NewIBFs,,
Sep-08,NewIBFs,,
Oct-08,NewIBFs,,
Nov-08,NewIBFs,,
Dec-08,NewIBFs,,
Jan-09,NewIBFs,,
Feb-09,NewIBFs,,
Mar-09,NewIBFs,,
Apr-09,NewIBFs,,
May-09,NewIBFs,,
Jun-09,NewIBFs,,
Jul-09,NewIBFs,,
Aug-09,NewIBFs,,
Sep-09,NewIBFs,,
Oct-09,NewIBFs,,
Nov-09,NewIBFs,,
Dec-09,NewIBFs,,
Jan-10,NewIBFs,,
Feb-10,NewIBFs,,
Mar-10,NewIBFs,,
Apr-10,NewIBFs,,
May-10,NewIBFs,,
Jun-10,NewIBFs,,
Jul-10,NewIBFs,,
Aug-10,NewIBFs,,
Sep-10,NewIBFs,,
Oct-10,NewIBFs,,
Nov-10,NewIBFs,,
Dec-10,NewIBFs,,
Jan-11,NewIBFs,,
Feb-11,NewIBFs,,
Mar-11,NewIBFs,,
Apr-11,NewIBFs,,
May-11,NewIBFs,,
Jun-11,NewIBFs,,
Jul-11,NewIBFs,,
Aug-11,NewIBFs,,
Sep-11,NewIBFs,,
Oct-11,NewIBFs,,
Nov-11,NewIBFs,,
Dec-11,NewIBFs,,
Jan-12,NewIBFs,,
Feb-12,NewIBFs,,
Mar-12,NewIBFs,,
Apr-12,NewIBFs,,
May-12,NewIBFs,,
Jun-12,NewIBFs,,
Jul-12,NewIBFs,,
Aug-12,NewIBFs,,
Sep-12,NewIBFs,,
Oct-12,NewIBFs,,
Nov-12,NewIBFs,,
Dec-12,NewIBFs,,
Jan-13,NewIBFs,,
Feb-13,NewIBFs,,
Mar-13,NewIBFs,,
Apr-13,NewIBFs,,
May-13,NewIBFs,,
Jun-13,NewIBFs,,
Jul-13,NewIBFs,,
Aug-13,NewIBFs,,
Sep-13,NewIBFs,,
Oct-13,NewIBFs,,
Nov-13,NewIBFs,,
Dec-13,NewIBFs,,
Jan-14,NewIBFs,,
Feb-14,NewIBFs,,
Mar-14,NewIBFs,,
Apr-14,NewIBFs,,
May-14,NewIBFs,,
Jun-14,NewIBFs,,
Jul-14,NewIBFs,,
Aug-14,NewIBFs,,
Sep-14,NewIBFs,,
Oct-14,NewIBFs,,
Nov-14,NewIBFs,,
Dec-14,NewIBFs,,
Jan-15,NewIBFs,,
Feb-15,NewIBFs,,
Mar-15,NewIBFs,,
Apr-15,NewIBFs,,
May-15,NewIBFs,,
Jun-15,NewIBFs,,
Jul-15,NewIBFs,,
Aug-15,NewIBFs,,
Sep-15,NewIBFs,,
Oct-15,NewIBFs,,
Nov-15,NewIBFs,,
Dec-15,NewIBFs,,
Jan-16,NewIBFs,,
Feb-16,NewIBFs,,
Mar-16,NewIBFs,,
Apr-16,NewIBFs,,
May-16,NewIBFs,,
Jun-16,NewIBFs,,
Jul-16,NewIBFs,,
Aug-16,NewIBFs,,
Sep-16,NewIBFs,,
Oct-16,NewIBFs,,
Nov-16,NewIBFs,,
Dec-16,NewIBFs,,
Jan-17,NewIBFs,,
Feb-17,NewIBFs,,
Mar-17,NewIBFs,,
Apr-17,NewIBFs,,
May-17,NewIBFs,,
Jun-17,NewIBFs,,
Jul-17,NewIBFs,,
Aug-17,NewIBFs,,
Sep-17,NewIBFs,,
Oct-17,NewIBFs,,
Nov-17,NewIBFs,,
Dec-17,NewIBFs,,
Jan-18,NewIBFs,,
Feb-18,NewIBFs,,
Mar-18,NewIBFs,,
Apr-18,NewIBFs,,
May-18,NewIBFs,,
Jun-18,NewIBFs,,
Jul-18,NewIBFs,,
Aug-18,NewIBFs,,
Sep-18,NewIBFs,,
Oct-18,NewIBFs,,
Nov-18,NewIBFs,,
Dec-18,NewIBFs,,
Jan-19,NewIBFs,,
Feb-19,NewIBFs,,
Mar-19,NewIBFs,,
Apr-19,NewIBFs,,
May-19,NewIBFs,,
Jun-19,NewIBFs,,
Jul-19,NewIBFs,,
Aug-19,NewIBFs,,
Sep-19,NewIBFs,,
Oct-19,NewIBFs,,
Nov-19,NewIBFs,,
Dec-19,NewIBFs,,
Jan-06,CreditFoncier,,
Feb-06,CreditFoncier,,
Mar-06,CreditFoncier,,
Apr-06,CreditFoncier,,
May-06,CreditFoncier,,
Jun-06,CreditFoncier,,
Jul-06,CreditFoncier,,
Aug-06,CreditFoncier,,
Sep-06,CreditFoncier,,
Oct-06,CreditFoncier,,
Nov-06,CreditFoncier,,
Dec-06,CreditFoncier,390,0.3883
Jan-07,CreditFoncier,,
Feb-07,CreditFoncier,,
Mar-07,CreditFoncier,296,0.6765
Apr-07,CreditFoncier,,
May-07,CreditFoncier,,
Jun-07,CreditFoncier,291,0.6701
Jul-07,CreditFoncier,,
Aug-07,CreditFoncier,,
Sep-07,CreditFoncier,282,0.6599
Oct-07,CreditFoncier,,
Nov-07,CreditFoncier,,
Dec-07,CreditFoncier,303,0.6663
Jan-08,CreditFoncier,,
Feb-08,CreditFoncier,,
Mar-08,CreditFoncier,302,0.6419
Apr-08,CreditFoncier,,
May-08,CreditFoncier,,
Jun-08,CreditFoncier,275,0.5678
Jul-08,CreditFoncier,,
Aug-08,CreditFoncier,,
Sep-08,CreditFoncier,275,0.5317
Oct-08,CreditFoncier,,
Nov-08,CreditFoncier,,
Dec-08,CreditFoncier,272,0.4944
Jan-09,CreditFoncier,,
Feb-09,CreditFoncier,,
Mar-09,CreditFoncier,267,0.4705
Apr-09,CreditFoncier,,
May-09,CreditFoncier,,
Jun-09,CreditFoncier,264,0.481
Jul-09,CreditFoncier,,
Aug-09,CreditFoncier,,
Sep-09,CreditFoncier,261,0.4406
Oct-09,CreditFoncier,,
Nov-09,CreditFoncier,,
Dec-09,CreditFoncier,155,0.2478
Jan-10,CreditFoncier,,
Feb-10,CreditFoncier,,
Mar-10,CreditFoncier,,
Apr-10,CreditFoncier,,
May-10,CreditFoncier,,
Jun-10,CreditFoncier,,
Jul-10,CreditFoncier,,
Aug-10,CreditFoncier,,
Sep-10,CreditFoncier,,
Oct-10,CreditFoncier,,
Nov-10,CreditFoncier,,
Dec-10,CreditFoncier,,
Jan-11,CreditFoncier,,
Feb-11,CreditFoncier,,
Mar-11,CreditFoncier,,
Apr-11,CreditFoncier,,
May-11,CreditFoncier,,
Jun-11,CreditFoncier,,
Jul-11,CreditFoncier,,
Aug-11,CreditFoncier,,
Sep-11,CreditFoncier,,
Oct-11,CreditFoncier,,
Nov-11,CreditFoncier,,
Dec-11,CreditFoncier,,
Jan-12,CreditFoncier,,
Feb-12,CreditFoncier,,
Mar-12,CreditFoncier,,
Apr-12,CreditFoncier,,
May-12,CreditFoncier,,
Jun-12,CreditFoncier,,
Jul-12,CreditFoncier,,
Aug-12,CreditFoncier,,
Sep-12,CreditFoncier,,
Oct-12,CreditFoncier,,
Nov-12,CreditFoncier,,
Dec-12,CreditFoncier,,
Jan-13,CreditFoncier,,
Feb-13,CreditFoncier,,
Mar-13,CreditFoncier,,
Apr-13,CreditFoncier,,
May-13,CreditFoncier,,
Jun-13,CreditFoncier,,
Jul-13,CreditFoncier,,
Aug-13,CreditFoncier,,
Sep-13,CreditFoncier,,
Oct-13,CreditFoncier,,
Nov-13,CreditFoncier,,
Dec-13,CreditFoncier,,
Jan-14,CreditFoncier,,
Feb-14,CreditFoncier,,
Mar-14,CreditFoncier,,
Apr-14,CreditFoncier,,
May-14,CreditFoncier,,
Jun-14,CreditFoncier,,
Jul-14,CreditFoncier,,
Aug-14,CreditFoncier,,
Sep-14,CreditFoncier,,
Oct-14,CreditFoncier,,
Nov-14,CreditFoncier,,
Dec-14,CreditFoncier,,
Jan-15,CreditFoncier,,
Feb-15,CreditFoncier,,
Mar-15,CreditFoncier,,
Apr-15,CreditFoncier,,
May-15,CreditFoncier,,
Jun-15,CreditFoncier,,
Jul-15,CreditFoncier,,
Aug-15,CreditFoncier,,
Sep-15,CreditFoncier,,
Oct-15,CreditFoncier,,
Nov-15,CreditFoncier,,
Dec-15,CreditFoncier,,
Jan-16,CreditFoncier,,
Feb-16,CreditFoncier,,
Mar-16,CreditFoncier,,
Apr-16,CreditFoncier,,
May-16,CreditFoncier,,
Jun-16,CreditFoncier,,
Jul-16,CreditFoncier,,
Aug-16,CreditFoncier,,
Sep-16,CreditFoncier,,
Oct-16,CreditFoncier,,
Nov-16,CreditFoncier,,
Dec-16,CreditFoncier,,
Jan-17,CreditFoncier,,
Feb-17,CreditFoncier,,
Mar-17,CreditFoncier,,
Apr-17,CreditFoncier,,
May-17,CreditFoncier,,
Jun-17,CreditFoncier,,
Jul-17,CreditFoncier,,
Aug-17,CreditFoncier,,
Sep-17,CreditFoncier,,
Oct-17,CreditFoncier,,
Nov-17,CreditFoncier,,
Dec-17,CreditFoncier,,
Jan-18,CreditFoncier,,
Feb-18,CreditFoncier,,
Mar-18,CreditFoncier,,
Apr-18,CreditFoncier,,
May-18,CreditFoncier,,
Jun-18,CreditFoncier,,
Jul-18,CreditFoncier,,
Aug-18,CreditFoncier,,
Sep-18,CreditFoncier,,
Oct-18,CreditFoncier,,
Nov-18,CreditFoncier,,
Dec-18,CreditFoncier,,
Jan-19,CreditFoncier,,
Feb-19,CreditFoncier,,
Mar-19,CreditFoncier,,
Apr-19,CreditFoncier,,
May-19,CreditFoncier,,
Jun-19,CreditFoncier,,
Jul-19,CreditFoncier,,
Aug-19,CreditFoncier,,
Sep-19,CreditFoncier,,
Oct-19,CreditFoncier,,
Nov-19,CreditFoncier,,
Dec-19,CreditFoncier,,
Jan-06,TotalFinancialInstitutions,,
Feb-06,TotalFinancialInstitutions,,
Mar-06,TotalFinancialInstitutions,,
Apr-06,TotalFinancialInstitutions,,
May-06,TotalFinancialInstitutions,,
Jun-06,TotalFinancialInstitutions,,
Jul-06,TotalFinancialInstitutions,,
Aug-06,TotalFinancialInstitutions,,
Sep-06,TotalFinancialInstitutions,,
Oct-06,TotalFinancialInstitutions,,
Nov-06,TotalFinancialInstitutions,,
Dec-06,TotalFinancialInstitutions,236793,0.0412
Jan-07,TotalFinancialInstitutions,,
Feb-07,TotalFinancialInstitutions,,
Mar-07,TotalFinancialInstitutions,240319,0.0418
Apr-07,TotalFinancialInstitutions,,
May-07,TotalFinancialInstitutions,,
Jun-07,TotalFinancialInstitutions,254637,0.044
Jul-07,TotalFinancialInstitutions,,
Aug-07,TotalFinancialInstitutions,,
Sep-07,TotalFinancialInstitutions,260722,0.0444
Oct-07,TotalFinancialInstitutions,,
Nov-07,TotalFinancialInstitutions,,
Dec-07,TotalFinancialInstitutions,237998,0.0395
Jan-08,TotalFinancialInstitutions,,
Feb-08,TotalFinancialInstitutions,,
Mar-08,TotalFinancialInstitutions,249718,0.0375
Apr-08,TotalFinancialInstitutions,,
May-08,TotalFinancialInstitutions,,
Jun-08,TotalFinancialInstitutions,232170,0.0343
Jul-08,TotalFinancialInstitutions,,
Aug-08,TotalFinancialInstitutions,,
Sep-08,TotalFinancialInstitutions,230038,0.0329
Oct-08,TotalFinancialInstitutions,,
Nov-08,TotalFinancialInstitutions,,
Dec-08,TotalFinancialInstitutions,217511,0.0294
Jan-09,TotalFinancialInstitutions,,
Feb-09,TotalFinancialInstitutions,,
Mar-09,TotalFinancialInstitutions,230420,0.031
Apr-09,TotalFinancialInstitutions,,
May-09,TotalFinancialInstitutions,,
Jun-09,TotalFinancialInstitutions,224677,0.0306
Jul-09,TotalFinancialInstitutions,,
Aug-09,TotalFinancialInstitutions,,
Sep-09,TotalFinancialInstitutions,218537,0.0295
Oct-09,TotalFinancialInstitutions,,
Nov-09,TotalFinancialInstitutions,,
Dec-09,TotalFinancialInstitutions,205212,0.0268
Jan-10,TotalFinancialInstitutions,,
Feb-10,TotalFinancialInstitutions,,
Mar-10,TotalFinancialInstitutions,201569,0.0252
Apr-10,TotalFinancialInstitutions,,
May-10,TotalFinancialInstitutions,,
Jun-10,TotalFinancialInstitutions,190400,0.0242
Jul-10,TotalFinancialInstitutions,,
Aug-10,TotalFinancialInstitutions,,
Sep-10,TotalFinancialInstitutions,184815,0.0228
Oct-10,TotalFinancialInstitutions,,
Nov-10,TotalFinancialInstitutions,,
Dec-10,TotalFinancialInstitutions,165238,0.0191
Jan-11,TotalFinancialInstitutions,,
Feb-11,TotalFinancialInstitutions,,
Mar-11,TotalFinancialInstitutions,163394,0.0176
Apr-11,TotalFinancialInstitutions,,
May-11,TotalFinancialInstitutions,,
Jun-11,TotalFinancialInstitutions,155431,0.0163
Jul-11,TotalFinancialInstitutions,,
Aug-11,TotalFinancialInstitutions,,
Sep-11,TotalFinancialInstitutions,138676,0.0146
Oct-11,TotalFinancialInstitutions,,
Nov-11,TotalFinancialInstitutions,,
Dec-11,TotalFinancialInstitutions,130191,0.0135
Jan-12,TotalFinancialInstitutions,,
Feb-12,TotalFinancialInstitutions,,
Mar-12,TotalFinancialInstitutions,132438,0.0132
Apr-12,TotalFinancialInstitutions,,
May-12,TotalFinancialInstitutions,,
Jun-12,TotalFinancialInstitutions,128799,0.0125
Jul-12,TotalFinancialInstitutions,,
Aug-12,TotalFinancialInstitutions,,
Sep-12,TotalFinancialInstitutions,125492,0.0117
Oct-12,TotalFinancialInstitutions,,
Nov-12,TotalFinancialInstitutions,,
Dec-12,TotalFinancialInstitutions,112857,0.0101
Jan-13,TotalFinancialInstitutions,,
Feb-13,TotalFinancialInstitutions,,
Mar-13,TotalFinancialInstitutions,113013,0.0097
Apr-13,TotalFinancialInstitutions,,
May-13,TotalFinancialInstitutions,,
Jun-13,TotalFinancialInstitutions,119110,0.01
Jul-13,TotalFinancialInstitutions,,
Aug-13,TotalFinancialInstitutions,,
Sep-13,TotalFinancialInstitutions,122270,0.0103
Oct-13,TotalFinancialInstitutions,,
Nov-13,TotalFinancialInstitutions,,
Dec-13,TotalFinancialInstitutions,124419,0.0102
Jan-14,TotalFinancialInstitutions,,
Feb-14,TotalFinancialInstitutions,,
Mar-14,TotalFinancialInstitutions,132683,0.0108
Apr-14,TotalFinancialInstitutions,,
May-14,TotalFinancialInstitutions,,
Jun-14,TotalFinancialInstitutions,135055,0.011
Jul-14,TotalFinancialInstitutions,,
Aug-14,TotalFinancialInstitutions,,
Sep-14,TotalFinancialInstitutions,146184,0.0118
Oct-14,TotalFinancialInstitutions,,
Nov-14,TotalFinancialInstitutions,,
Dec-14,TotalFinancialInstitutions,137634,0.0108
Jan-15,TotalFinancialInstitutions,,
Feb-15,TotalFinancialInstitutions,,
Mar-15,TotalFinancialInstitutions,148656,0.0115
Apr-15,TotalFinancialInstitutions,,
May-15,TotalFinancialInstitutions,,
Jun-15,TotalFinancialInstitutions,153174,0.0118
Jul-15,TotalFinancialInstitutions,,
Aug-15,TotalFinancialInstitutions,,
Sep-15,TotalFinancialInstitutions,162205,0.0127
Oct-15,TotalFinancialInstitutions,,
Nov-15,TotalFinancialInstitutions,,
Dec-15,TotalFinancialInstitutions,157564,0.0121
Jan-16,TotalFinancialInstitutions,,
Feb-16,TotalFinancialInstitutions,,
Mar-16,TotalFinancialInstitutions,165821,0.0124
Apr-16,TotalFinancialInstitutions,,
May-16,TotalFinancialInstitutions,,
Jun-16,TotalFinancialInstitutions,175154,0.0129
Jul-16,TotalFinancialInstitutions,,
Aug-16,TotalFinancialInstitutions,,
Sep-16,TotalFinancialInstitutions,184042,0.0137
Oct-16,TotalFinancialInstitutions,,
Nov-16,TotalFinancialInstitutions,,
Dec-16,TotalFinancialInstitutions,178148,0.0133
Jan-17,TotalFinancialInstitutions,,
Feb-17,TotalFinancialInstitutions,,
Mar-17,TotalFinancialInstitutions,187003,0.0138
Apr-17,TotalFinancialInstitutions,,
May-17,TotalFinancialInstitutions,,
Jun-17,TotalFinancialInstitutions,189728,0.0137
Jul-17,TotalFinancialInstitutions,,
Aug-17,TotalFinancialInstitutions,,
Sep-17,TotalFinancialInstitutions,199218,0.014
Oct-17,TotalFinancialInstitutions,,
Nov-17,TotalFinancialInstitutions,,
Dec-17,TotalFinancialInstitutions,201320,0.0139
Jan-18,TotalFinancialInstitutions,,
Feb-18,TotalFinancialInstitutions,,
Mar-18,TotalFinancialInstitutions,210176,0.014
Apr-18,TotalFinancialInstitutions,,
May-18,TotalFinancialInstitutions,,
Jun-18,TotalFinancialInstitutions,212494,0.0143
Jul-18,TotalFinancialInstitutions,,
Aug-18,TotalFinancialInstitutions,,
Sep-18,TotalFinancialInstitutions,213787,0.0144
Oct-18,TotalFinancialInstitutions,,
Nov-18,TotalFinancialInstitutions,,
Dec-18,TotalFinancialInstitutions,209599,0.0141
Jan-19,TotalFinancialInstitutions,,
Feb-19,TotalFinancialInstitutions,,
Mar-19,TotalFinancialInstitutions,216311,0.0142
Apr-19,TotalFinancialInstitutions,,
May-19,TotalFinancialInstitutions,,
Jun-19,TotalFinancialInstitutions,219515,0.0146
Jul-19,TotalFinancialInstitutions,,
Aug-19,TotalFinancialInstitutions,,
Sep-19,TotalFinancialInstitutions,230294,0.015
Oct-19,TotalFinancialInstitutions,,
Nov-19,TotalFinancialInstitutions,,
Dec-19,TotalFinancialInstitutions,236492,0.0153
