Segment,Date,NPLRatio,Amount,SegmentName
1.  Commercial Banks registered in Thailand,2006-12-31,0.0447,228212.0,ThaiBanks
1.  Commercial Banks registered in Thailand,2007-01-31,0.0447,228212.0,ThaiBanks
1.  Commercial Banks registered in Thailand,2007-02-28,0.0447,228212.0,ThaiBanks
1.  Commercial Banks registered in Thailand,2007-03-31,0.045700000000000005,235210.0,ThaiBanks
1.  Commercial Banks registered in Thailand,2007-04-30,0.045700000000000005,235210.0,ThaiBanks
1.  Commercial Banks registered in Thailand,2007-05-31,0.045700000000000005,235210.0,ThaiBanks
1.  Commercial Banks registered in Thailand,2007-06-30,0.0479,249505.0,ThaiBanks
1.  Commercial Banks registered in Thailand,2007-07-31,0.0479,249505.0,ThaiBanks
1.  Commercial Banks registered in Thailand,2007-08-31,,,ThaiBanks
1.  Commercial Banks registered in Thailand,2007-09-30,0.0483,254784.0,ThaiBanks
1.  Commercial Banks registered in Thailand,2007-10-31,,,ThaiBanks
1.  Commercial Banks registered in Thailand,2007-11-30,,,ThaiBanks
1.  Commercial Banks registered in Thailand,2007-12-31,0.042699999999999995,232467.0,ThaiBanks
1.  Commercial Banks registered in Thailand,2008-01-31,,,ThaiBanks
1.  Commercial Banks registered in Thailand,2008-02-29,,,ThaiBanks
1.  Commercial Banks registered in Thailand,2008-03-31,0.0409,244476.0,ThaiBanks
1.  Commercial Banks registered in Thailand,2008-04-30,,,ThaiBanks
1.  Commercial Banks registered in Thailand,2008-05-31,,,ThaiBanks
1.  Commercial Banks registered in Thailand,2008-06-30,0.0377,228046.0,ThaiBanks
1.  Commercial Banks registered in Thailand,2008-07-31,,,ThaiBanks
1.  Commercial Banks registered in Thailand,2008-08-31,,,ThaiBanks
1.  Commercial Banks registered in Thailand,2008-09-30,0.0359,225997.0,ThaiBanks
1.  Commercial Banks registered in Thailand,2008-10-31,,,ThaiBanks
1.  Commercial Banks registered in Thailand,2008-11-30,,,ThaiBanks
1.  Commercial Banks registered in Thailand,2008-12-31,0.0319,212779.0,ThaiBanks
1.  Commercial Banks registered in Thailand,2009-01-31,,,ThaiBanks
1.  Commercial Banks registered in Thailand,2009-02-28,,,ThaiBanks
1.  Commercial Banks registered in Thailand,2009-03-31,0.0336,225903.0,ThaiBanks
1.  Commercial Banks registered in Thailand,2009-04-30,,,ThaiBanks
1.  Commercial Banks registered in Thailand,2009-05-31,,,ThaiBanks
1.  Commercial Banks registered in Thailand,2009-06-30,0.0333,219778.0,ThaiBanks
1.  Commercial Banks registered in Thailand,2009-07-31,,,ThaiBanks
1.  Commercial Banks registered in Thailand,2009-08-31,,,ThaiBanks
1.  Commercial Banks registered in Thailand,2009-09-30,0.0323,214254.0,ThaiBanks
1.  Commercial Banks registered in Thailand,2009-10-31,,,ThaiBanks
1.  Commercial Banks registered in Thailand,2009-11-30,,,ThaiBanks
1.  Commercial Banks registered in Thailand,2009-12-31,0.0296,201066.0,ThaiBanks
1.  Commercial Banks registered in Thailand,2010-01-31,,,ThaiBanks
1.  Commercial Banks registered in Thailand,2010-02-28,,,ThaiBanks
1.  Commercial Banks registered in Thailand,2010-03-31,0.0279,197243.0,ThaiBanks
1.  Commercial Banks registered in Thailand,2010-04-30,,,ThaiBanks
1.  Commercial Banks registered in Thailand,2010-05-31,,,ThaiBanks
1.  Commercial Banks registered in Thailand,2010-06-30,0.026600000000000002,186537.0,ThaiBanks
1.  Commercial Banks registered in Thailand,2010-07-31,,,ThaiBanks
1.  Commercial Banks registered in Thailand,2010-08-31,,,ThaiBanks
1.  Commercial Banks registered in Thailand,2010-09-30,0.025099999999999997,181360.0,ThaiBanks
1.  Commercial Banks registered in Thailand,2010-10-31,,,ThaiBanks
1.  Commercial Banks registered in Thailand,2010-11-30,,,ThaiBanks
1.  Commercial Banks registered in Thailand,2010-12-31,0.0212,161823.0,ThaiBanks
1.  Commercial Banks registered in Thailand,2011-01-31,,,ThaiBanks
1.  Commercial Banks registered in Thailand,2011-02-28,,,ThaiBanks
1.  Commercial Banks registered in Thailand,2011-03-31,0.0195,160383.0,ThaiBanks
1.  Commercial Banks registered in Thailand,2011-04-30,,,ThaiBanks
1.  Commercial Banks registered in Thailand,2011-05-31,,,ThaiBanks
1.  Commercial Banks registered in Thailand,2011-06-30,0.0183,152514.0,ThaiBanks
1.  Commercial Banks registered in Thailand,2011-07-31,,,ThaiBanks
1.  Commercial Banks registered in Thailand,2011-08-31,,,ThaiBanks
1.  Commercial Banks registered in Thailand,2011-09-30,0.0163,136167.0,ThaiBanks
1.  Commercial Banks registered in Thailand,2011-10-31,,,ThaiBanks
1.  Commercial Banks registered in Thailand,2011-11-30,,,ThaiBanks
1.  Commercial Banks registered in Thailand,2011-12-31,0.0148,127294.0,ThaiBanks
1.  Commercial Banks registered in Thailand,2012-01-31,,,ThaiBanks
1.  Commercial Banks registered in Thailand,2012-02-29,,,ThaiBanks
1.  Commercial Banks registered in Thailand,2012-03-31,0.014499999999999999,129528.0,ThaiBanks
1.  Commercial Banks registered in Thailand,2012-04-30,,,ThaiBanks
1.  Commercial Banks registered in Thailand,2012-05-31,,,ThaiBanks
1.  Commercial Banks registered in Thailand,2012-06-30,0.0138,126102.0,ThaiBanks
1.  Commercial Banks registered in Thailand,2012-07-31,,,ThaiBanks
1.  Commercial Banks registered in Thailand,2012-08-31,,,ThaiBanks
1.  Commercial Banks registered in Thailand,2012-09-30,0.0127,122837.0,ThaiBanks
1.  Commercial Banks registered in Thailand,2012-10-31,,,ThaiBanks
1.  Commercial Banks registered in Thailand,2012-11-30,,,ThaiBanks
1.  Commercial Banks registered in Thailand,2012-12-31,0.011000000000000001,110619.0,ThaiBanks
1.  Commercial Banks registered in Thailand,2013-01-31,,,ThaiBanks
1.  Commercial Banks registered in Thailand,2013-02-28,,,ThaiBanks
1.  Commercial Banks registered in Thailand,2013-03-31,0.0106,110787.0,ThaiBanks
1.  Commercial Banks registered in Thailand,2013-04-30,,,ThaiBanks
1.  Commercial Banks registered in Thailand,2013-05-31,,,ThaiBanks
1.  Commercial Banks registered in Thailand,2013-06-30,0.011000000000000001,116845.0,ThaiBanks
1.  Commercial Banks registered in Thailand,2013-07-31,,,ThaiBanks
1.  Commercial Banks registered in Thailand,2013-08-31,,,ThaiBanks
1.  Commercial Banks registered in Thailand,2013-09-30,0.011200000000000002,120220.0,ThaiBanks
1.  Commercial Banks registered in Thailand,2013-10-31,,,ThaiBanks
1.  Commercial Banks registered in Thailand,2013-11-30,,,ThaiBanks
1.  Commercial Banks registered in Thailand,2013-12-31,0.011000000000000001,122138.0,ThaiBanks
1.  Commercial Banks registered in Thailand,2014-01-31,,,ThaiBanks
1.  Commercial Banks registered in Thailand,2014-02-28,,,ThaiBanks
1.  Commercial Banks registered in Thailand,2014-03-31,0.0118,130572.0,ThaiBanks
1.  Commercial Banks registered in Thailand,2014-04-30,,,ThaiBanks
1.  Commercial Banks registered in Thailand,2014-05-31,,,ThaiBanks
1.  Commercial Banks registered in Thailand,2014-06-30,0.012,133105.0,ThaiBanks
1.  Commercial Banks registered in Thailand,2014-07-31,,,ThaiBanks
1.  Commercial Banks registered in Thailand,2014-08-31,,,ThaiBanks
1.  Commercial Banks registered in Thailand,2014-09-30,0.0128,144507.0,ThaiBanks
1.  Commercial Banks registered in Thailand,2014-10-31,,,ThaiBanks
1.  Commercial Banks registered in Thailand,2014-11-30,,,ThaiBanks
1.  Commercial Banks registered in Thailand,2014-12-31,0.011699999999999999,136114.0,ThaiBanks
1.  Commercial Banks registered in Thailand,2015-01-31,,,ThaiBanks
1.  Commercial Banks registered in Thailand,2015-02-28,,,ThaiBanks
1.  Commercial Banks registered in Thailand,2015-03-31,0.012199999999999999,147207.0,ThaiBanks
1.  Commercial Banks registered in Thailand,2015-04-30,,,ThaiBanks
1.  Commercial Banks registered in Thailand,2015-05-31,,,ThaiBanks
1.  Commercial Banks registered in Thailand,2015-06-30,0.0125,151787.0,ThaiBanks
1.  Commercial Banks registered in Thailand,2015-07-31,,,ThaiBanks
1.  Commercial Banks registered in Thailand,2015-08-31,,,ThaiBanks
1.  Commercial Banks registered in Thailand,2015-09-30,0.0134,160736.0,ThaiBanks
1.  Commercial Banks registered in Thailand,2015-10-31,,,ThaiBanks
1.  Commercial Banks registered in Thailand,2015-11-30,,,ThaiBanks
1.  Commercial Banks registered in Thailand,2015-12-31,0.0128,156245.0,ThaiBanks
1.  Commercial Banks registered in Thailand,2016-01-31,,,ThaiBanks
1.  Commercial Banks registered in Thailand,2016-02-29,,,ThaiBanks
1.  Commercial Banks registered in Thailand,2016-03-31,0.0132,164564.0,ThaiBanks
1.  Commercial Banks registered in Thailand,2016-04-30,,,ThaiBanks
1.  Commercial Banks registered in Thailand,2016-05-31,,,ThaiBanks
1.  Commercial Banks registered in Thailand,2016-06-30,0.0138,173950.0,ThaiBanks
1.  Commercial Banks registered in Thailand,2016-07-31,,,ThaiBanks
1.  Commercial Banks registered in Thailand,2016-08-31,,,ThaiBanks
1.  Commercial Banks registered in Thailand,2016-09-30,0.0146,182864.0,ThaiBanks
1.  Commercial Banks registered in Thailand,2016-10-31,,,ThaiBanks
1.  Commercial Banks registered in Thailand,2016-11-30,,,ThaiBanks
1.  Commercial Banks registered in Thailand,2016-12-31,0.0141,177054.0,ThaiBanks
1.  Commercial Banks registered in Thailand,2017-01-31,,,ThaiBanks
1.  Commercial Banks registered in Thailand,2017-02-28,,,ThaiBanks
1.  Commercial Banks registered in Thailand,2017-03-31,0.0147,185902.0,ThaiBanks
1.  Commercial Banks registered in Thailand,2017-04-30,,,ThaiBanks
1.  Commercial Banks registered in Thailand,2017-05-31,,,ThaiBanks
1.  Commercial Banks registered in Thailand,2017-06-30,0.014499999999999999,188594.0,ThaiBanks
1.  Commercial Banks registered in Thailand,2017-07-31,,,ThaiBanks
1.  Commercial Banks registered in Thailand,2017-08-31,,,ThaiBanks
1.  Commercial Banks registered in Thailand,2017-09-30,0.0149,197722.0,ThaiBanks
1.  Commercial Banks registered in Thailand,2017-10-31,,,ThaiBanks
1.  Commercial Banks registered in Thailand,2017-11-30,,,ThaiBanks
1.  Commercial Banks registered in Thailand,2017-12-31,0.0146,199340.0,ThaiBanks
1.  Commercial Banks registered in Thailand,2018-01-31,,,ThaiBanks
1.  Commercial Banks registered in Thailand,2018-02-28,,,ThaiBanks
1.  Commercial Banks registered in Thailand,2018-03-31,0.0148,207944.0,ThaiBanks
1.  Commercial Banks registered in Thailand,2018-04-30,,,ThaiBanks
1.  Commercial Banks registered in Thailand,2018-05-31,,,ThaiBanks
1.  Commercial Banks registered in Thailand,2018-06-30,0.015,210236.0,ThaiBanks
1.  Commercial Banks registered in Thailand,2018-07-31,,,ThaiBanks
1.  Commercial Banks registered in Thailand,2018-08-31,,,ThaiBanks
1.  Commercial Banks registered in Thailand,2018-09-30,0.0152,211639.0,ThaiBanks
1.  Commercial Banks registered in Thailand,2018-10-31,,,ThaiBanks
1.  Commercial Banks registered in Thailand,2018-11-30,,,ThaiBanks
1.  Commercial Banks registered in Thailand,2018-12-31,0.0148,207588.0,ThaiBanks
1.  Commercial Banks registered in Thailand,2019-01-31,,,ThaiBanks
1.  Commercial Banks registered in Thailand,2019-02-28,,,ThaiBanks
1.  Commercial Banks registered in Thailand,2019-03-31,0.015,213883.0,ThaiBanks
1.  Commercial Banks registered in Thailand,2019-04-30,,,ThaiBanks
1.  Commercial Banks registered in Thailand,2019-05-31,,,ThaiBanks
1.  Commercial Banks registered in Thailand,2019-06-30,0.015300000000000001,217084.0,ThaiBanks
1.  Commercial Banks registered in Thailand,2019-07-31,,,ThaiBanks
1.  Commercial Banks registered in Thailand,2019-08-31,,,ThaiBanks
1.  Commercial Banks registered in Thailand,2019-09-30,0.0158,227659.0,ThaiBanks
1.  Commercial Banks registered in Thailand,2019-10-31,,,ThaiBanks
1.  Commercial Banks registered in Thailand,2019-11-30,,,ThaiBanks
1.  Commercial Banks registered in Thailand,2019-12-31,0.0161,233660.0,ThaiBanks
2.  Foreign Banks (full branch),2006-12-31,0.0103,5932.0,ForeignBanks
2.  Foreign Banks (full branch),2007-01-31,0.0103,5932.0,ForeignBanks
2.  Foreign Banks (full branch),2007-02-28,0.0103,5932.0,ForeignBanks
2.  Foreign Banks (full branch),2007-03-31,0.0052,2962.0,ForeignBanks
2.  Foreign Banks (full branch),2007-04-30,0.0052,2962.0,ForeignBanks
2.  Foreign Banks (full branch),2007-05-31,0.0052,2962.0,ForeignBanks
2.  Foreign Banks (full branch),2007-06-30,0.0052,2881.0,ForeignBanks
2.  Foreign Banks (full branch),2007-07-31,0.0052,2881.0,ForeignBanks
2.  Foreign Banks (full branch),2007-08-31,,,ForeignBanks
2.  Foreign Banks (full branch),2007-09-30,0.0064,3670.0,ForeignBanks
2.  Foreign Banks (full branch),2007-10-31,,,ForeignBanks
2.  Foreign Banks (full branch),2007-11-30,,,ForeignBanks
2.  Foreign Banks (full branch),2007-12-31,0.0060999999999999995,3346.0,ForeignBanks
2.  Foreign Banks (full branch),2008-01-31,,,ForeignBanks
2.  Foreign Banks (full branch),2008-02-29,,,ForeignBanks
2.  Foreign Banks (full branch),2008-03-31,0.0048,3011.0,ForeignBanks
2.  Foreign Banks (full branch),2008-04-30,,,ForeignBanks
2.  Foreign Banks (full branch),2008-05-31,,,ForeignBanks
2.  Foreign Banks (full branch),2008-06-30,0.0029,1984.0,ForeignBanks
2.  Foreign Banks (full branch),2008-07-31,,,ForeignBanks
2.  Foreign Banks (full branch),2008-08-31,,,ForeignBanks
2.  Foreign Banks (full branch),2008-09-30,0.003,1953.0,ForeignBanks
2.  Foreign Banks (full branch),2008-10-31,,,ForeignBanks
2.  Foreign Banks (full branch),2008-11-30,,,ForeignBanks
2.  Foreign Banks (full branch),2008-12-31,0.0038,2646.0,ForeignBanks
2.  Foreign Banks (full branch),2009-01-31,,,ForeignBanks
2.  Foreign Banks (full branch),2009-02-28,,,ForeignBanks
2.  Foreign Banks (full branch),2009-03-31,0.0034000000000000002,2340.0,ForeignBanks
2.  Foreign Banks (full branch),2009-04-30,,,ForeignBanks
2.  Foreign Banks (full branch),2009-05-31,,,ForeignBanks
2.  Foreign Banks (full branch),2009-06-30,0.0045000000000000005,3131.0,ForeignBanks
2.  Foreign Banks (full branch),2009-07-31,,,ForeignBanks
2.  Foreign Banks (full branch),2009-08-31,,,ForeignBanks
2.  Foreign Banks (full branch),2009-09-30,0.0038,2840.0,ForeignBanks
2.  Foreign Banks (full branch),2009-10-31,,,ForeignBanks
2.  Foreign Banks (full branch),2009-11-30,,,ForeignBanks
2.  Foreign Banks (full branch),2009-12-31,0.0026,2150.0,ForeignBanks
2.  Foreign Banks (full branch),2010-01-31,,,ForeignBanks
2.  Foreign Banks (full branch),2010-02-28,,,ForeignBanks
2.  Foreign Banks (full branch),2010-03-31,0.0024,2190.0,ForeignBanks
2.  Foreign Banks (full branch),2010-04-30,,,ForeignBanks
2.  Foreign Banks (full branch),2010-05-31,,,ForeignBanks
2.  Foreign Banks (full branch),2010-06-30,0.0022,1874.0,ForeignBanks
2.  Foreign Banks (full branch),2010-07-31,,,ForeignBanks
2.  Foreign Banks (full branch),2010-08-31,,,ForeignBanks
2.  Foreign Banks (full branch),2010-09-30,0.0019,1643.0,ForeignBanks
2.  Foreign Banks (full branch),2010-10-31,,,ForeignBanks
2.  Foreign Banks (full branch),2010-11-30,,,ForeignBanks
2.  Foreign Banks (full branch),2010-12-31,0.0017000000000000001,1619.0,ForeignBanks
2.  Foreign Banks (full branch),2011-01-31,,,ForeignBanks
2.  Foreign Banks (full branch),2011-02-28,,,ForeignBanks
2.  Foreign Banks (full branch),2011-03-31,0.0012,1288.0,ForeignBanks
2.  Foreign Banks (full branch),2011-04-30,,,ForeignBanks
2.  Foreign Banks (full branch),2011-05-31,,,ForeignBanks
2.  Foreign Banks (full branch),2011-06-30,0.001,1190.0,ForeignBanks
2.  Foreign Banks (full branch),2011-07-31,,,ForeignBanks
2.  Foreign Banks (full branch),2011-08-31,,,ForeignBanks
2.  Foreign Banks (full branch),2011-09-30,0.001,1196.0,ForeignBanks
2.  Foreign Banks (full branch),2011-10-31,,,ForeignBanks
2.  Foreign Banks (full branch),2011-11-30,,,ForeignBanks
2.  Foreign Banks (full branch),2011-12-31,0.0018,1877.0,ForeignBanks
2.  Foreign Banks (full branch),2012-01-31,,,ForeignBanks
2.  Foreign Banks (full branch),2012-02-29,,,ForeignBanks
2.  Foreign Banks (full branch),2012-03-31,0.0016,1818.0,ForeignBanks
2.  Foreign Banks (full branch),2012-04-30,,,ForeignBanks
2.  Foreign Banks (full branch),2012-05-31,,,ForeignBanks
2.  Foreign Banks (full branch),2012-06-30,0.0015,1746.0,ForeignBanks
2.  Foreign Banks (full branch),2012-07-31,,,ForeignBanks
2.  Foreign Banks (full branch),2012-08-31,,,ForeignBanks
2.  Foreign Banks (full branch),2012-09-30,0.0015,1511.0,ForeignBanks
2.  Foreign Banks (full branch),2012-10-31,,,ForeignBanks
2.  Foreign Banks (full branch),2012-11-30,,,ForeignBanks
2.  Foreign Banks (full branch),2012-12-31,0.0011,1280.0,ForeignBanks
2.  Foreign Banks (full branch),2013-01-31,,,ForeignBanks
2.  Foreign Banks (full branch),2013-02-28,,,ForeignBanks
2.  Foreign Banks (full branch),2013-03-31,0.001,1231.0,ForeignBanks
2.  Foreign Banks (full branch),2013-04-30,,,ForeignBanks
2.  Foreign Banks (full branch),2013-05-31,,,ForeignBanks
2.  Foreign Banks (full branch),2013-06-30,0.001,1252.0,ForeignBanks
2.  Foreign Banks (full branch),2013-07-31,,,ForeignBanks
2.  Foreign Banks (full branch),2013-08-31,,,ForeignBanks
2.  Foreign Banks (full branch),2013-09-30,0.0009,983.0,ForeignBanks
2.  Foreign Banks (full branch),2013-10-31,,,ForeignBanks
2.  Foreign Banks (full branch),2013-11-30,,,ForeignBanks
2.  Foreign Banks (full branch),2013-12-31,0.0011,1237.0,ForeignBanks
2.  Foreign Banks (full branch),2014-01-31,,,ForeignBanks
2.  Foreign Banks (full branch),2014-02-28,,,ForeignBanks
2.  Foreign Banks (full branch),2014-03-31,0.001,1167.0,ForeignBanks
2.  Foreign Banks (full branch),2014-04-30,,,ForeignBanks
2.  Foreign Banks (full branch),2014-05-31,,,ForeignBanks
2.  Foreign Banks (full branch),2014-06-30,0.001,1180.0,ForeignBanks
2.  Foreign Banks (full branch),2014-07-31,,,ForeignBanks
2.  Foreign Banks (full branch),2014-08-31,,,ForeignBanks
2.  Foreign Banks (full branch),2014-09-30,0.0009,1032.0,ForeignBanks
2.  Foreign Banks (full branch),2014-10-31,,,ForeignBanks
2.  Foreign Banks (full branch),2014-11-30,,,ForeignBanks
2.  Foreign Banks (full branch),2014-12-31,0.0009,944.0,ForeignBanks
2.  Foreign Banks (full branch),2015-01-31,,,ForeignBanks
2.  Foreign Banks (full branch),2015-02-28,,,ForeignBanks
2.  Foreign Banks (full branch),2015-03-31,0.0012,969.0,ForeignBanks
2.  Foreign Banks (full branch),2015-04-30,,,ForeignBanks
2.  Foreign Banks (full branch),2015-05-31,,,ForeignBanks
2.  Foreign Banks (full branch),2015-06-30,0.0012,1010.0,ForeignBanks
2.  Foreign Banks (full branch),2015-07-31,,,ForeignBanks
2.  Foreign Banks (full branch),2015-08-31,,,ForeignBanks
2.  Foreign Banks (full branch),2015-09-30,0.0013,1004.0,ForeignBanks
2.  Foreign Banks (full branch),2015-10-31,,,ForeignBanks
2.  Foreign Banks (full branch),2015-11-30,,,ForeignBanks
2.  Foreign Banks (full branch),2015-12-31,0.0011,889.0,ForeignBanks
2.  Foreign Banks (full branch),2016-01-31,,,ForeignBanks
2.  Foreign Banks (full branch),2016-02-29,,,ForeignBanks
2.  Foreign Banks (full branch),2016-03-31,0.001,848.0,ForeignBanks
2.  Foreign Banks (full branch),2016-04-30,,,ForeignBanks
2.  Foreign Banks (full branch),2016-05-31,,,ForeignBanks
2.  Foreign Banks (full branch),2016-06-30,0.0009,872.0,ForeignBanks
2.  Foreign Banks (full branch),2016-07-31,,,ForeignBanks
2.  Foreign Banks (full branch),2016-08-31,,,ForeignBanks
2.  Foreign Banks (full branch),2016-09-30,0.0008,725.0,ForeignBanks
2.  Foreign Banks (full branch),2016-10-31,,,ForeignBanks
2.  Foreign Banks (full branch),2016-11-30,,,ForeignBanks
2.  Foreign Banks (full branch),2016-12-31,0.0006,503.0,ForeignBanks
2.  Foreign Banks (full branch),2017-01-31,,,ForeignBanks
2.  Foreign Banks (full branch),2017-02-28,,,ForeignBanks
2.  Foreign Banks (full branch),2017-03-31,0.0006,487.0,ForeignBanks
2.  Foreign Banks (full branch),2017-04-30,,,ForeignBanks
2.  Foreign Banks (full branch),2017-05-31,,,ForeignBanks
2.  Foreign Banks (full branch),2017-06-30,0.0006,484.0,ForeignBanks
2.  Foreign Banks (full branch),2017-07-31,,,ForeignBanks
2.  Foreign Banks (full branch),2017-08-31,,,ForeignBanks
2.  Foreign Banks (full branch),2017-09-30,0.0005,479.0,ForeignBanks
2.  Foreign Banks (full branch),2017-10-31,,,ForeignBanks
2.  Foreign Banks (full branch),2017-11-30,,,ForeignBanks
2.  Foreign Banks (full branch),2017-12-31,0.0005,473.0,ForeignBanks
2.  Foreign Banks (full branch),2018-01-31,,,ForeignBanks
2.  Foreign Banks (full branch),2018-02-28,,,ForeignBanks
2.  Foreign Banks (full branch),2018-03-31,0.0005,466.0,ForeignBanks
2.  Foreign Banks (full branch),2018-04-30,,,ForeignBanks
2.  Foreign Banks (full branch),2018-05-31,,,ForeignBanks
2.  Foreign Banks (full branch),2018-06-30,0.0004,350.0,ForeignBanks
2.  Foreign Banks (full branch),2018-07-31,,,ForeignBanks
2.  Foreign Banks (full branch),2018-08-31,,,ForeignBanks
2.  Foreign Banks (full branch),2018-09-30,0.0004,357.0,ForeignBanks
2.  Foreign Banks (full branch),2018-10-31,,,ForeignBanks
2.  Foreign Banks (full branch),2018-11-30,,,ForeignBanks
2.  Foreign Banks (full branch),2018-12-31,0.0003,274.0,ForeignBanks
2.  Foreign Banks (full branch),2019-01-31,,,ForeignBanks
2.  Foreign Banks (full branch),2019-02-28,,,ForeignBanks
2.  Foreign Banks (full branch),2019-03-31,0.0003,276.0,ForeignBanks
2.  Foreign Banks (full branch),2019-04-30,,,ForeignBanks
2.  Foreign Banks (full branch),2019-05-31,,,ForeignBanks
2.  Foreign Banks (full branch),2019-06-30,0.0003,288.0,ForeignBanks
2.  Foreign Banks (full branch),2019-07-31,,,ForeignBanks
2.  Foreign Banks (full branch),2019-08-31,,,ForeignBanks
2.  Foreign Banks (full branch),2019-09-30,0.0004,372.0,ForeignBanks
2.  Foreign Banks (full branch),2019-10-31,,,ForeignBanks
2.  Foreign Banks (full branch),2019-11-30,,,ForeignBanks
2.  Foreign Banks (full branch),2019-12-31,0.0004,360.0,ForeignBanks
3.  Total Commercial Banks (1+2),2006-12-31,0.0412,234144.0,TotalBanks
3.  Total Commercial Banks (1+2),2007-01-31,0.0412,234144.0,TotalBanks
3.  Total Commercial Banks (1+2),2007-02-28,0.0412,234144.0,TotalBanks
3.  Total Commercial Banks (1+2),2007-03-31,0.0416,238172.0,TotalBanks
3.  Total Commercial Banks (1+2),2007-04-30,0.0416,238172.0,TotalBanks
3.  Total Commercial Banks (1+2),2007-05-31,0.0416,238172.0,TotalBanks
3.  Total Commercial Banks (1+2),2007-06-30,0.043899999999999995,252386.0,TotalBanks
3.  Total Commercial Banks (1+2),2007-07-31,0.043899999999999995,252386.0,TotalBanks
3.  Total Commercial Banks (1+2),2007-08-31,,,TotalBanks
3.  Total Commercial Banks (1+2),2007-09-30,0.044199999999999996,258455.0,TotalBanks
3.  Total Commercial Banks (1+2),2007-10-31,,,TotalBanks
3.  Total Commercial Banks (1+2),2007-11-30,,,TotalBanks
3.  Total Commercial Banks (1+2),2007-12-31,0.0394,235813.0,TotalBanks
3.  Total Commercial Banks (1+2),2008-01-31,,,TotalBanks
3.  Total Commercial Banks (1+2),2008-02-29,,,TotalBanks
3.  Total Commercial Banks (1+2),2008-03-31,0.0374,247488.0,TotalBanks
3.  Total Commercial Banks (1+2),2008-04-30,,,TotalBanks
3.  Total Commercial Banks (1+2),2008-05-31,,,TotalBanks
3.  Total Commercial Banks (1+2),2008-06-30,0.0342,230030.0,TotalBanks
3.  Total Commercial Banks (1+2),2008-07-31,,,TotalBanks
3.  Total Commercial Banks (1+2),2008-08-31,,,TotalBanks
3.  Total Commercial Banks (1+2),2008-09-30,0.032799999999999996,227950.0,TotalBanks
3.  Total Commercial Banks (1+2),2008-10-31,,,TotalBanks
3.  Total Commercial Banks (1+2),2008-11-30,,,TotalBanks
3.  Total Commercial Banks (1+2),2008-12-31,0.0292,215425.0,TotalBanks
3.  Total Commercial Banks (1+2),2009-01-31,,,TotalBanks
3.  Total Commercial Banks (1+2),2009-02-28,,,TotalBanks
3.  Total Commercial Banks (1+2),2009-03-31,0.0308,228243.0,TotalBanks
3.  Total Commercial Banks (1+2),2009-04-30,,,TotalBanks
3.  Total Commercial Banks (1+2),2009-05-31,,,TotalBanks
3.  Total Commercial Banks (1+2),2009-06-30,0.0305,222909.0,TotalBanks
3.  Total Commercial Banks (1+2),2009-07-31,,,TotalBanks
3.  Total Commercial Banks (1+2),2009-08-31,,,TotalBanks
3.  Total Commercial Banks (1+2),2009-09-30,0.0294,217094.0,TotalBanks
3.  Total Commercial Banks (1+2),2009-10-31,,,TotalBanks
3.  Total Commercial Banks (1+2),2009-11-30,,,TotalBanks
3.  Total Commercial Banks (1+2),2009-12-31,0.026699999999999998,203216.0,TotalBanks
3.  Total Commercial Banks (1+2),2010-01-31,,,TotalBanks
3.  Total Commercial Banks (1+2),2010-02-28,,,TotalBanks
3.  Total Commercial Banks (1+2),2010-03-31,0.025,199433.0,TotalBanks
3.  Total Commercial Banks (1+2),2010-04-30,,,TotalBanks
3.  Total Commercial Banks (1+2),2010-05-31,,,TotalBanks
3.  Total Commercial Banks (1+2),2010-06-30,0.024,188411.0,TotalBanks
3.  Total Commercial Banks (1+2),2010-07-31,,,TotalBanks
3.  Total Commercial Banks (1+2),2010-08-31,,,TotalBanks
3.  Total Commercial Banks (1+2),2010-09-30,0.0226,183003.0,TotalBanks
3.  Total Commercial Banks (1+2),2010-10-31,,,TotalBanks
3.  Total Commercial Banks (1+2),2010-11-30,,,TotalBanks
3.  Total Commercial Banks (1+2),2010-12-31,0.019,163442.0,TotalBanks
3.  Total Commercial Banks (1+2),2011-01-31,,,TotalBanks
3.  Total Commercial Banks (1+2),2011-02-28,,,TotalBanks
3.  Total Commercial Banks (1+2),2011-03-31,0.0174,161671.0,TotalBanks
3.  Total Commercial Banks (1+2),2011-04-30,,,TotalBanks
3.  Total Commercial Banks (1+2),2011-05-31,,,TotalBanks
3.  Total Commercial Banks (1+2),2011-06-30,0.0161,153704.0,TotalBanks
3.  Total Commercial Banks (1+2),2011-07-31,,,TotalBanks
3.  Total Commercial Banks (1+2),2011-08-31,,,TotalBanks
3.  Total Commercial Banks (1+2),2011-09-30,0.014499999999999999,137363.0,TotalBanks
3.  Total Commercial Banks (1+2),2011-10-31,,,TotalBanks
3.  Total Commercial Banks (1+2),2011-11-30,,,TotalBanks
3.  Total Commercial Banks (1+2),2011-12-31,0.0134,129171.0,TotalBanks
3.  Total Commercial Banks (1+2),2012-01-31,,,TotalBanks
3.  Total Commercial Banks (1+2),2012-02-29,,,TotalBanks
3.  Total Commercial Banks (1+2),2012-03-31,0.0131,131346.0,TotalBanks
3.  Total Commercial Banks (1+2),2012-04-30,,,TotalBanks
3.  Total Commercial Banks (1+2),2012-05-31,,,TotalBanks
3.  Total Commercial Banks (1+2),2012-06-30,0.0124,127848.0,TotalBanks
3.  Total Commercial Banks (1+2),2012-07-31,,,TotalBanks
3.  Total Commercial Banks (1+2),2012-08-31,,,TotalBanks
3.  Total Commercial Banks (1+2),2012-09-30,0.0116,124348.0,TotalBanks
3.  Total Commercial Banks (1+2),2012-10-31,,,TotalBanks
3.  Total Commercial Banks (1+2),2012-11-30,,,TotalBanks
3.  Total Commercial Banks (1+2),2012-12-31,0.01,111899.0,TotalBanks
3.  Total Commercial Banks (1+2),2013-01-31,,,TotalBanks
3.  Total Commercial Banks (1+2),2013-02-28,,,TotalBanks
3.  Total Commercial Banks (1+2),2013-03-31,0.0096,112018.0,TotalBanks
3.  Total Commercial Banks (1+2),2013-04-30,,,TotalBanks
3.  Total Commercial Banks (1+2),2013-05-31,,,TotalBanks
3.  Total Commercial Banks (1+2),2013-06-30,0.01,118097.0,TotalBanks
3.  Total Commercial Banks (1+2),2013-07-31,,,TotalBanks
3.  Total Commercial Banks (1+2),2013-08-31,,,TotalBanks
3.  Total Commercial Banks (1+2),2013-09-30,0.0102,121203.0,TotalBanks
3.  Total Commercial Banks (1+2),2013-10-31,,,TotalBanks
3.  Total Commercial Banks (1+2),2013-11-30,,,TotalBanks
3.  Total Commercial Banks (1+2),2013-12-31,0.0101,123375.0,TotalBanks
3.  Total Commercial Banks (1+2),2014-01-31,,,TotalBanks
3.  Total Commercial Banks (1+2),2014-02-28,,,TotalBanks
3.  Total Commercial Banks (1+2),2014-03-31,0.010700000000000001,131739.0,TotalBanks
3.  Total Commercial Banks (1+2),2014-04-30,,,TotalBanks
3.  Total Commercial Banks (1+2),2014-05-31,,,TotalBanks
3.  Total Commercial Banks (1+2),2014-06-30,0.0109,134285.0,TotalBanks
3.  Total Commercial Banks (1+2),2014-07-31,,,TotalBanks
3.  Total Commercial Banks (1+2),2014-08-31,,,TotalBanks
3.  Total Commercial Banks (1+2),2014-09-30,0.011699999999999999,145539.0,TotalBanks
3.  Total Commercial Banks (1+2),2014-10-31,,,TotalBanks
3.  Total Commercial Banks (1+2),2014-11-30,,,TotalBanks
3.  Total Commercial Banks (1+2),2014-12-31,0.0108,137058.0,TotalBanks
3.  Total Commercial Banks (1+2),2015-01-31,,,TotalBanks
3.  Total Commercial Banks (1+2),2015-02-28,,,TotalBanks
3.  Total Commercial Banks (1+2),2015-03-31,0.0115,148176.0,TotalBanks
3.  Total Commercial Banks (1+2),2015-04-30,,,TotalBanks
3.  Total Commercial Banks (1+2),2015-05-31,,,TotalBanks
3.  Total Commercial Banks (1+2),2015-06-30,0.0118,152797.0,TotalBanks
3.  Total Commercial Banks (1+2),2015-07-31,,,TotalBanks
3.  Total Commercial Banks (1+2),2015-08-31,,,TotalBanks
3.  Total Commercial Banks (1+2),2015-09-30,0.0127,161740.0,TotalBanks
3.  Total Commercial Banks (1+2),2015-10-31,,,TotalBanks
3.  Total Commercial Banks (1+2),2015-11-30,,,TotalBanks
3.  Total Commercial Banks (1+2),2015-12-31,0.0121,157134.0,TotalBanks
3.  Total Commercial Banks (1+2),2016-01-31,,,TotalBanks
3.  Total Commercial Banks (1+2),2016-02-29,,,TotalBanks
3.  Total Commercial Banks (1+2),2016-03-31,0.0124,165412.0,TotalBanks
3.  Total Commercial Banks (1+2),2016-04-30,,,TotalBanks
3.  Total Commercial Banks (1+2),2016-05-31,,,TotalBanks
3.  Total Commercial Banks (1+2),2016-06-30,0.0129,174822.0,TotalBanks
3.  Total Commercial Banks (1+2),2016-07-31,,,TotalBanks
3.  Total Commercial Banks (1+2),2016-08-31,,,TotalBanks
3.  Total Commercial Banks (1+2),2016-09-30,0.0137,183589.0,TotalBanks
3.  Total Commercial Banks (1+2),2016-10-31,,,TotalBanks
3.  Total Commercial Banks (1+2),2016-11-30,,,TotalBanks
3.  Total Commercial Banks (1+2),2016-12-31,0.0132,177557.0,TotalBanks
3.  Total Commercial Banks (1+2),2017-01-31,,,TotalBanks
3.  Total Commercial Banks (1+2),2017-02-28,,,TotalBanks
3.  Total Commercial Banks (1+2),2017-03-31,0.0138,186389.0,TotalBanks
3.  Total Commercial Banks (1+2),2017-04-30,,,TotalBanks
3.  Total Commercial Banks (1+2),2017-05-31,,,TotalBanks
3.  Total Commercial Banks (1+2),2017-06-30,0.013600000000000001,189078.0,TotalBanks
3.  Total Commercial Banks (1+2),2017-07-31,,,TotalBanks
3.  Total Commercial Banks (1+2),2017-08-31,,,TotalBanks
3.  Total Commercial Banks (1+2),2017-09-30,0.013999999999999999,198201.0,TotalBanks
3.  Total Commercial Banks (1+2),2017-10-31,,,TotalBanks
3.  Total Commercial Banks (1+2),2017-11-30,,,TotalBanks
3.  Total Commercial Banks (1+2),2017-12-31,0.0138,199813.0,TotalBanks
3.  Total Commercial Banks (1+2),2018-01-31,,,TotalBanks
3.  Total Commercial Banks (1+2),2018-02-28,,,TotalBanks
3.  Total Commercial Banks (1+2),2018-03-31,0.0139,208410.0,TotalBanks
3.  Total Commercial Banks (1+2),2018-04-30,,,TotalBanks
3.  Total Commercial Banks (1+2),2018-05-31,,,TotalBanks
3.  Total Commercial Banks (1+2),2018-06-30,0.014199999999999999,210586.0,TotalBanks
3.  Total Commercial Banks (1+2),2018-07-31,,,TotalBanks
3.  Total Commercial Banks (1+2),2018-08-31,,,TotalBanks
3.  Total Commercial Banks (1+2),2018-09-30,0.0143,211996.0,TotalBanks
3.  Total Commercial Banks (1+2),2018-10-31,,,TotalBanks
3.  Total Commercial Banks (1+2),2018-11-30,,,TotalBanks
3.  Total Commercial Banks (1+2),2018-12-31,0.013999999999999999,207862.0,TotalBanks
3.  Total Commercial Banks (1+2),2019-01-31,,,TotalBanks
3.  Total Commercial Banks (1+2),2019-02-28,,,TotalBanks
3.  Total Commercial Banks (1+2),2019-03-31,0.0141,214159.0,TotalBanks
3.  Total Commercial Banks (1+2),2019-04-30,,,TotalBanks
3.  Total Commercial Banks (1+2),2019-05-31,,,TotalBanks
3.  Total Commercial Banks (1+2),2019-06-30,0.014499999999999999,217372.0,TotalBanks
3.  Total Commercial Banks (1+2),2019-07-31,,,TotalBanks
3.  Total Commercial Banks (1+2),2019-08-31,,,TotalBanks
3.  Total Commercial Banks (1+2),2019-09-30,0.0149,228031.0,TotalBanks
3.  Total Commercial Banks (1+2),2019-10-31,,,TotalBanks
3.  Total Commercial Banks (1+2),2019-11-30,,,TotalBanks
3.  Total Commercial Banks (1+2),2019-12-31,0.0152,234020.0,TotalBanks
4.  Finance Companies 3/,2006-12-31,0.040999999999999995,2258.0,FinComps
4.  Finance Companies 3/,2007-01-31,0.040999999999999995,2258.0,FinComps
4.  Finance Companies 3/,2007-02-28,0.040999999999999995,2258.0,FinComps
4.  Finance Companies 3/,2007-03-31,0.0518,1851.0,FinComps
4.  Finance Companies 3/,2007-04-30,0.0518,1851.0,FinComps
4.  Finance Companies 3/,2007-05-31,0.0518,1851.0,FinComps
4.  Finance Companies 3/,2007-06-30,0.0613,1960.0,FinComps
4.  Finance Companies 3/,2007-07-31,0.0613,1960.0,FinComps
4.  Finance Companies 3/,2007-08-31,,,FinComps
4.  Finance Companies 3/,2007-09-30,0.062,1985.0,FinComps
4.  Finance Companies 3/,2007-10-31,,,FinComps
4.  Finance Companies 3/,2007-11-30,,,FinComps
4.  Finance Companies 3/,2007-12-31,0.0604,1881.0,FinComps
4.  Finance Companies 3/,2008-01-31,,,FinComps
4.  Finance Companies 3/,2008-02-29,,,FinComps
4.  Finance Companies 3/,2008-03-31,0.049100000000000005,1928.0,FinComps
4.  Finance Companies 3/,2008-04-30,,,FinComps
4.  Finance Companies 3/,2008-05-31,,,FinComps
4.  Finance Companies 3/,2008-06-30,0.050199999999999995,1865.0,FinComps
4.  Finance Companies 3/,2008-07-31,,,FinComps
4.  Finance Companies 3/,2008-08-31,,,FinComps
4.  Finance Companies 3/,2008-09-30,0.048600000000000004,1813.0,FinComps
4.  Finance Companies 3/,2008-10-31,,,FinComps
4.  Finance Companies 3/,2008-11-30,,,FinComps
4.  Finance Companies 3/,2008-12-31,0.0525,1814.0,FinComps
4.  Finance Companies 3/,2009-01-31,,,FinComps
4.  Finance Companies 3/,2009-02-28,,,FinComps
4.  Finance Companies 3/,2009-03-31,0.057800000000000004,1910.0,FinComps
4.  Finance Companies 3/,2009-04-30,,,FinComps
4.  Finance Companies 3/,2009-05-31,,,FinComps
4.  Finance Companies 3/,2009-06-30,0.05,1504.0,FinComps
4.  Finance Companies 3/,2009-07-31,,,FinComps
4.  Finance Companies 3/,2009-08-31,,,FinComps
4.  Finance Companies 3/,2009-09-30,0.0433,1182.0,FinComps
4.  Finance Companies 3/,2009-10-31,,,FinComps
4.  Finance Companies 3/,2009-11-30,,,FinComps
4.  Finance Companies 3/,2009-12-31,0.0688,1841.0,FinComps
4.  Finance Companies 3/,2010-01-31,,,FinComps
4.  Finance Companies 3/,2010-02-28,,,FinComps
4.  Finance Companies 3/,2010-03-31,,,FinComps
4.  Finance Companies 3/,2010-04-30,,,FinComps
4.  Finance Companies 3/,2010-05-31,,,FinComps
4.  Finance Companies 3/,2010-06-30,,,FinComps
4.  Finance Companies 3/,2010-07-31,,,FinComps
4.  Finance Companies 3/,2010-08-31,,,FinComps
4.  Finance Companies 3/,2010-09-30,,,FinComps
4.  Finance Companies 3/,2010-10-31,,,FinComps
4.  Finance Companies 3/,2010-11-30,,,FinComps
4.  Finance Companies 3/,2010-12-31,,,FinComps
4.  Finance Companies 3/,2011-01-31,,,FinComps
4.  Finance Companies 3/,2011-02-28,,,FinComps
4.  Finance Companies 3/,2011-03-31,,,FinComps
4.  Finance Companies 3/,2011-04-30,,,FinComps
4.  Finance Companies 3/,2011-05-31,,,FinComps
4.  Finance Companies 3/,2011-06-30,,,FinComps
4.  Finance Companies 3/,2011-07-31,,,FinComps
4.  Finance Companies 3/,2011-08-31,,,FinComps
4.  Finance Companies 3/,2011-09-30,,,FinComps
4.  Finance Companies 3/,2011-10-31,,,FinComps
4.  Finance Companies 3/,2011-11-30,,,FinComps
4.  Finance Companies 3/,2011-12-31,,,FinComps
4.  Finance Companies 3/,2012-01-31,,,FinComps
4.  Finance Companies 3/,2012-02-29,,,FinComps
4.  Finance Companies 3/,2012-03-31,,,FinComps
4.  Finance Companies 3/,2012-04-30,,,FinComps
4.  Finance Companies 3/,2012-05-31,,,FinComps
4.  Finance Companies 3/,2012-06-30,,,FinComps
4.  Finance Companies 3/,2012-07-31,,,FinComps
4.  Finance Companies 3/,2012-08-31,,,FinComps
4.  Finance Companies 3/,2012-09-30,,,FinComps
4.  Finance Companies 3/,2012-10-31,,,FinComps
4.  Finance Companies 3/,2012-11-30,,,FinComps
4.  Finance Companies 3/,2012-12-31,,,FinComps
4.  Finance Companies 3/,2013-01-31,,,FinComps
4.  Finance Companies 3/,2013-02-28,,,FinComps
4.  Finance Companies 3/,2013-03-31,,,FinComps
4.  Finance Companies 3/,2013-04-30,,,FinComps
4.  Finance Companies 3/,2013-05-31,,,FinComps
4.  Finance Companies 3/,2013-06-30,,,FinComps
4.  Finance Companies 3/,2013-07-31,,,FinComps
4.  Finance Companies 3/,2013-08-31,,,FinComps
4.  Finance Companies 3/,2013-09-30,,,FinComps
4.  Finance Companies 3/,2013-10-31,,,FinComps
4.  Finance Companies 3/,2013-11-30,,,FinComps
4.  Finance Companies 3/,2013-12-31,,,FinComps
4.  Finance Companies 3/,2014-01-31,,,FinComps
4.  Finance Companies 3/,2014-02-28,,,FinComps
4.  Finance Companies 3/,2014-03-31,,,FinComps
4.  Finance Companies 3/,2014-04-30,,,FinComps
4.  Finance Companies 3/,2014-05-31,,,FinComps
4.  Finance Companies 3/,2014-06-30,,,FinComps
4.  Finance Companies 3/,2014-07-31,,,FinComps
4.  Finance Companies 3/,2014-08-31,,,FinComps
4.  Finance Companies 3/,2014-09-30,,,FinComps
4.  Finance Companies 3/,2014-10-31,,,FinComps
4.  Finance Companies 3/,2014-11-30,,,FinComps
4.  Finance Companies 3/,2014-12-31,,,FinComps
4.  Finance Companies 3/,2015-01-31,,,FinComps
4.  Finance Companies 3/,2015-02-28,,,FinComps
4.  Finance Companies 3/,2015-03-31,,,FinComps
4.  Finance Companies 3/,2015-04-30,,,FinComps
4.  Finance Companies 3/,2015-05-31,,,FinComps
4.  Finance Companies 3/,2015-06-30,,,FinComps
4.  Finance Companies 3/,2015-07-31,,,FinComps
4.  Finance Companies 3/,2015-08-31,,,FinComps
4.  Finance Companies 3/,2015-09-30,,,FinComps
4.  Finance Companies 3/,2015-10-31,,,FinComps
4.  Finance Companies 3/,2015-11-30,,,FinComps
4.  Finance Companies 3/,2015-12-31,,,FinComps
4.  Finance Companies 3/,2016-01-31,,,FinComps
4.  Finance Companies 3/,2016-02-29,,,FinComps
4.  Finance Companies 3/,2016-03-31,,,FinComps
4.  Finance Companies 3/,2016-04-30,,,FinComps
4.  Finance Companies 3/,2016-05-31,,,FinComps
4.  Finance Companies 3/,2016-06-30,,,FinComps
4.  Finance Companies 3/,2016-07-31,,,FinComps
4.  Finance Companies 3/,2016-08-31,,,FinComps
4.  Finance Companies 3/,2016-09-30,,,FinComps
4.  Finance Companies 3/,2016-10-31,,,FinComps
4.  Finance Companies 3/,2016-11-30,,,FinComps
4.  Finance Companies 3/,2016-12-31,,,FinComps
4.  Finance Companies 3/,2017-01-31,,,FinComps
4.  Finance Companies 3/,2017-02-28,,,FinComps
4.  Finance Companies 3/,2017-03-31,,,FinComps
4.  Finance Companies 3/,2017-04-30,,,FinComps
4.  Finance Companies 3/,2017-05-31,,,FinComps
4.  Finance Companies 3/,2017-06-30,,,FinComps
4.  Finance Companies 3/,2017-07-31,,,FinComps
4.  Finance Companies 3/,2017-08-31,,,FinComps
4.  Finance Companies 3/,2017-09-30,,,FinComps
4.  Finance Companies 3/,2017-10-31,,,FinComps
4.  Finance Companies 3/,2017-11-30,,,FinComps
4.  Finance Companies 3/,2017-12-31,,,FinComps
4.  Finance Companies 3/,2018-01-31,,,FinComps
4.  Finance Companies 3/,2018-02-28,,,FinComps
4.  Finance Companies 3/,2018-03-31,,,FinComps
4.  Finance Companies 3/,2018-04-30,,,FinComps
4.  Finance Companies 3/,2018-05-31,,,FinComps
4.  Finance Companies 3/,2018-06-30,,,FinComps
4.  Finance Companies 3/,2018-07-31,,,FinComps
4.  Finance Companies 3/,2018-08-31,,,FinComps
4.  Finance Companies 3/,2018-09-30,,,FinComps
4.  Finance Companies 3/,2018-10-31,,,FinComps
4.  Finance Companies 3/,2018-11-30,,,FinComps
4.  Finance Companies 3/,2018-12-31,,,FinComps
4.  Finance Companies 3/,2019-01-31,,,FinComps
4.  Finance Companies 3/,2019-02-28,,,FinComps
4.  Finance Companies 3/,2019-03-31,,,FinComps
4.  Finance Companies 3/,2019-04-30,,,FinComps
4.  Finance Companies 3/,2019-05-31,,,FinComps
4.  Finance Companies 3/,2019-06-30,,,FinComps
4.  Finance Companies 3/,2019-07-31,,,FinComps
4.  Finance Companies 3/,2019-08-31,,,FinComps
4.  Finance Companies 3/,2019-09-30,,,FinComps
4.  Finance Companies 3/,2019-10-31,,,FinComps
4.  Finance Companies 3/,2019-11-30,,,FinComps
4.  Finance Companies 3/,2019-12-31,,,FinComps
5.  Total Financial Institutions (3+4),2006-12-31,0.0412,236402.0,FinInst
5.  Total Financial Institutions (3+4),2007-01-31,0.0412,236402.0,FinInst
5.  Total Financial Institutions (3+4),2007-02-28,0.0412,236402.0,FinInst
5.  Total Financial Institutions (3+4),2007-03-31,0.0417,240023.0,FinInst
5.  Total Financial Institutions (3+4),2007-04-30,0.0417,240023.0,FinInst
5.  Total Financial Institutions (3+4),2007-05-31,0.0417,240023.0,FinInst
5.  Total Financial Institutions (3+4),2007-06-30,0.044000000000000004,254346.0,FinInst
5.  Total Financial Institutions (3+4),2007-07-31,0.044000000000000004,254346.0,FinInst
5.  Total Financial Institutions (3+4),2007-08-31,,,FinInst
5.  Total Financial Institutions (3+4),2007-09-30,0.0443,260440.0,FinInst
5.  Total Financial Institutions (3+4),2007-10-31,,,FinInst
5.  Total Financial Institutions (3+4),2007-11-30,,,FinInst
5.  Total Financial Institutions (3+4),2007-12-31,0.0395,237695.0,FinInst
5.  Total Financial Institutions (3+4),2008-01-31,,,FinInst
5.  Total Financial Institutions (3+4),2008-02-29,,,FinInst
5.  Total Financial Institutions (3+4),2008-03-31,0.0375,249416.0,FinInst
5.  Total Financial Institutions (3+4),2008-04-30,,,FinInst
5.  Total Financial Institutions (3+4),2008-05-31,,,FinInst
5.  Total Financial Institutions (3+4),2008-06-30,0.034300000000000004,231895.0,FinInst
5.  Total Financial Institutions (3+4),2008-07-31,,,FinInst
5.  Total Financial Institutions (3+4),2008-08-31,,,FinInst
5.  Total Financial Institutions (3+4),2008-09-30,0.0329,229763.0,FinInst
5.  Total Financial Institutions (3+4),2008-10-31,,,FinInst
5.  Total Financial Institutions (3+4),2008-11-30,,,FinInst
5.  Total Financial Institutions (3+4),2008-12-31,0.029300000000000003,217239.0,FinInst
5.  Total Financial Institutions (3+4),2009-01-31,,,FinInst
5.  Total Financial Institutions (3+4),2009-02-28,,,FinInst
5.  Total Financial Institutions (3+4),2009-03-31,0.031,230153.0,FinInst
5.  Total Financial Institutions (3+4),2009-04-30,,,FinInst
5.  Total Financial Institutions (3+4),2009-05-31,,,FinInst
5.  Total Financial Institutions (3+4),2009-06-30,0.030600000000000002,224413.0,FinInst
5.  Total Financial Institutions (3+4),2009-07-31,,,FinInst
5.  Total Financial Institutions (3+4),2009-08-31,,,FinInst
5.  Total Financial Institutions (3+4),2009-09-30,0.029500000000000002,218276.0,FinInst
5.  Total Financial Institutions (3+4),2009-10-31,,,FinInst
5.  Total Financial Institutions (3+4),2009-11-30,,,FinInst
5.  Total Financial Institutions (3+4),2009-12-31,0.0268,205057.0,FinInst
5.  Total Financial Institutions (3+4),2010-01-31,,,FinInst
5.  Total Financial Institutions (3+4),2010-02-28,,,FinInst
5.  Total Financial Institutions (3+4),2010-03-31,,,FinInst
5.  Total Financial Institutions (3+4),2010-04-30,,,FinInst
5.  Total Financial Institutions (3+4),2010-05-31,,,FinInst
5.  Total Financial Institutions (3+4),2010-06-30,,,FinInst
5.  Total Financial Institutions (3+4),2010-07-31,,,FinInst
5.  Total Financial Institutions (3+4),2010-08-31,,,FinInst
5.  Total Financial Institutions (3+4),2010-09-30,,,FinInst
5.  Total Financial Institutions (3+4),2010-10-31,,,FinInst
5.  Total Financial Institutions (3+4),2010-11-30,,,FinInst
5.  Total Financial Institutions (3+4),2010-12-31,,,FinInst
5.  Total Financial Institutions (3+4),2011-01-31,,,FinInst
5.  Total Financial Institutions (3+4),2011-02-28,,,FinInst
5.  Total Financial Institutions (3+4),2011-03-31,,,FinInst
5.  Total Financial Institutions (3+4),2011-04-30,,,FinInst
5.  Total Financial Institutions (3+4),2011-05-31,,,FinInst
5.  Total Financial Institutions (3+4),2011-06-30,,,FinInst
5.  Total Financial Institutions (3+4),2011-07-31,,,FinInst
5.  Total Financial Institutions (3+4),2011-08-31,,,FinInst
5.  Total Financial Institutions (3+4),2011-09-30,,,FinInst
5.  Total Financial Institutions (3+4),2011-10-31,,,FinInst
5.  Total Financial Institutions (3+4),2011-11-30,,,FinInst
5.  Total Financial Institutions (3+4),2011-12-31,,,FinInst
5.  Total Financial Institutions (3+4),2012-01-31,,,FinInst
5.  Total Financial Institutions (3+4),2012-02-29,,,FinInst
5.  Total Financial Institutions (3+4),2012-03-31,,,FinInst
5.  Total Financial Institutions (3+4),2012-04-30,,,FinInst
5.  Total Financial Institutions (3+4),2012-05-31,,,FinInst
5.  Total Financial Institutions (3+4),2012-06-30,,,FinInst
5.  Total Financial Institutions (3+4),2012-07-31,,,FinInst
5.  Total Financial Institutions (3+4),2012-08-31,,,FinInst
5.  Total Financial Institutions (3+4),2012-09-30,,,FinInst
5.  Total Financial Institutions (3+4),2012-10-31,,,FinInst
5.  Total Financial Institutions (3+4),2012-11-30,,,FinInst
5.  Total Financial Institutions (3+4),2012-12-31,,,FinInst
5.  Total Financial Institutions (3+4),2013-01-31,,,FinInst
5.  Total Financial Institutions (3+4),2013-02-28,,,FinInst
5.  Total Financial Institutions (3+4),2013-03-31,,,FinInst
5.  Total Financial Institutions (3+4),2013-04-30,,,FinInst
5.  Total Financial Institutions (3+4),2013-05-31,,,FinInst
5.  Total Financial Institutions (3+4),2013-06-30,,,FinInst
5.  Total Financial Institutions (3+4),2013-07-31,,,FinInst
5.  Total Financial Institutions (3+4),2013-08-31,,,FinInst
5.  Total Financial Institutions (3+4),2013-09-30,,,FinInst
5.  Total Financial Institutions (3+4),2013-10-31,,,FinInst
5.  Total Financial Institutions (3+4),2013-11-30,,,FinInst
5.  Total Financial Institutions (3+4),2013-12-31,,,FinInst
5.  Total Financial Institutions (3+4),2014-01-31,,,FinInst
5.  Total Financial Institutions (3+4),2014-02-28,,,FinInst
5.  Total Financial Institutions (3+4),2014-03-31,,,FinInst
5.  Total Financial Institutions (3+4),2014-04-30,,,FinInst
5.  Total Financial Institutions (3+4),2014-05-31,,,FinInst
5.  Total Financial Institutions (3+4),2014-06-30,,,FinInst
5.  Total Financial Institutions (3+4),2014-07-31,,,FinInst
5.  Total Financial Institutions (3+4),2014-08-31,,,FinInst
5.  Total Financial Institutions (3+4),2014-09-30,,,FinInst
5.  Total Financial Institutions (3+4),2014-10-31,,,FinInst
5.  Total Financial Institutions (3+4),2014-11-30,,,FinInst
5.  Total Financial Institutions (3+4),2014-12-31,,,FinInst
5.  Total Financial Institutions (3+4),2015-01-31,,,FinInst
5.  Total Financial Institutions (3+4),2015-02-28,,,FinInst
5.  Total Financial Institutions (3+4),2015-03-31,,,FinInst
5.  Total Financial Institutions (3+4),2015-04-30,,,FinInst
5.  Total Financial Institutions (3+4),2015-05-31,,,FinInst
5.  Total Financial Institutions (3+4),2015-06-30,,,FinInst
5.  Total Financial Institutions (3+4),2015-07-31,,,FinInst
5.  Total Financial Institutions (3+4),2015-08-31,,,FinInst
5.  Total Financial Institutions (3+4),2015-09-30,,,FinInst
5.  Total Financial Institutions (3+4),2015-10-31,,,FinInst
5.  Total Financial Institutions (3+4),2015-11-30,,,FinInst
5.  Total Financial Institutions (3+4),2015-12-31,,,FinInst
5.  Total Financial Institutions (3+4),2016-01-31,,,FinInst
5.  Total Financial Institutions (3+4),2016-02-29,,,FinInst
5.  Total Financial Institutions (3+4),2016-03-31,,,FinInst
5.  Total Financial Institutions (3+4),2016-04-30,,,FinInst
5.  Total Financial Institutions (3+4),2016-05-31,,,FinInst
5.  Total Financial Institutions (3+4),2016-06-30,,,FinInst
5.  Total Financial Institutions (3+4),2016-07-31,,,FinInst
5.  Total Financial Institutions (3+4),2016-08-31,,,FinInst
5.  Total Financial Institutions (3+4),2016-09-30,,,FinInst
5.  Total Financial Institutions (3+4),2016-10-31,,,FinInst
5.  Total Financial Institutions (3+4),2016-11-30,,,FinInst
5.  Total Financial Institutions (3+4),2016-12-31,,,FinInst
5.  Total Financial Institutions (3+4),2017-01-31,,,FinInst
5.  Total Financial Institutions (3+4),2017-02-28,,,FinInst
5.  Total Financial Institutions (3+4),2017-03-31,,,FinInst
5.  Total Financial Institutions (3+4),2017-04-30,,,FinInst
5.  Total Financial Institutions (3+4),2017-05-31,,,FinInst
5.  Total Financial Institutions (3+4),2017-06-30,,,FinInst
5.  Total Financial Institutions (3+4),2017-07-31,,,FinInst
5.  Total Financial Institutions (3+4),2017-08-31,,,FinInst
5.  Total Financial Institutions (3+4),2017-09-30,,,FinInst
5.  Total Financial Institutions (3+4),2017-10-31,,,FinInst
5.  Total Financial Institutions (3+4),2017-11-30,,,FinInst
5.  Total Financial Institutions (3+4),2017-12-31,,,FinInst
5.  Total Financial Institutions (3+4),2018-01-31,,,FinInst
5.  Total Financial Institutions (3+4),2018-02-28,,,FinInst
5.  Total Financial Institutions (3+4),2018-03-31,,,FinInst
5.  Total Financial Institutions (3+4),2018-04-30,,,FinInst
5.  Total Financial Institutions (3+4),2018-05-31,,,FinInst
5.  Total Financial Institutions (3+4),2018-06-30,,,FinInst
5.  Total Financial Institutions (3+4),2018-07-31,,,FinInst
5.  Total Financial Institutions (3+4),2018-08-31,,,FinInst
5.  Total Financial Institutions (3+4),2018-09-30,,,FinInst
5.  Total Financial Institutions (3+4),2018-10-31,,,FinInst
5.  Total Financial Institutions (3+4),2018-11-30,,,FinInst
5.  Total Financial Institutions (3+4),2018-12-31,,,FinInst
5.  Total Financial Institutions (3+4),2019-01-31,,,FinInst
5.  Total Financial Institutions (3+4),2019-02-28,,,FinInst
5.  Total Financial Institutions (3+4),2019-03-31,,,FinInst
5.  Total Financial Institutions (3+4),2019-04-30,,,FinInst
5.  Total Financial Institutions (3+4),2019-05-31,,,FinInst
5.  Total Financial Institutions (3+4),2019-06-30,,,FinInst
5.  Total Financial Institutions (3+4),2019-07-31,,,FinInst
5.  Total Financial Institutions (3+4),2019-08-31,,,FinInst
5.  Total Financial Institutions (3+4),2019-09-30,,,FinInst
5.  Total Financial Institutions (3+4),2019-10-31,,,FinInst
5.  Total Financial Institutions (3+4),2019-11-30,,,FinInst
5.  Total Financial Institutions (3+4),2019-12-31,,,FinInst
7.  Credit Foncier Companies 3/,2006-12-31,0.3883,390.0,CreditFon
7.  Credit Foncier Companies 3/,2007-01-31,0.3883,390.0,CreditFon
7.  Credit Foncier Companies 3/,2007-02-28,0.3883,390.0,CreditFon
7.  Credit Foncier Companies 3/,2007-03-31,0.6765000000000001,296.0,CreditFon
7.  Credit Foncier Companies 3/,2007-04-30,0.6765000000000001,296.0,CreditFon
7.  Credit Foncier Companies 3/,2007-05-31,0.6765000000000001,296.0,CreditFon
7.  Credit Foncier Companies 3/,2007-06-30,0.6701,291.0,CreditFon
7.  Credit Foncier Companies 3/,2007-07-31,0.6731,291.0,CreditFon
7.  Credit Foncier Companies 3/,2007-08-31,,,CreditFon
7.  Credit Foncier Companies 3/,2007-09-30,0.6598999999999999,282.0,CreditFon
7.  Credit Foncier Companies 3/,2007-10-31,,,CreditFon
7.  Credit Foncier Companies 3/,2007-11-30,,,CreditFon
7.  Credit Foncier Companies 3/,2007-12-31,0.6663,303.0,CreditFon
7.  Credit Foncier Companies 3/,2008-01-31,,,CreditFon
7.  Credit Foncier Companies 3/,2008-02-29,,,CreditFon
7.  Credit Foncier Companies 3/,2008-03-31,0.6419,302.0,CreditFon
7.  Credit Foncier Companies 3/,2008-04-30,,,CreditFon
7.  Credit Foncier Companies 3/,2008-05-31,,,CreditFon
7.  Credit Foncier Companies 3/,2008-06-30,0.5678,275.0,CreditFon
7.  Credit Foncier Companies 3/,2008-07-31,,,CreditFon
7.  Credit Foncier Companies 3/,2008-08-31,,,CreditFon
7.  Credit Foncier Companies 3/,2008-09-30,0.5317000000000001,275.0,CreditFon
7.  Credit Foncier Companies 3/,2008-10-31,,,CreditFon
7.  Credit Foncier Companies 3/,2008-11-30,,,CreditFon
7.  Credit Foncier Companies 3/,2008-12-31,0.49439999999999995,272.0,CreditFon
7.  Credit Foncier Companies 3/,2009-01-31,,,CreditFon
7.  Credit Foncier Companies 3/,2009-02-28,,,CreditFon
7.  Credit Foncier Companies 3/,2009-03-31,0.4705,267.0,CreditFon
7.  Credit Foncier Companies 3/,2009-04-30,,,CreditFon
7.  Credit Foncier Companies 3/,2009-05-31,,,CreditFon
7.  Credit Foncier Companies 3/,2009-06-30,0.48100000000000004,264.0,CreditFon
7.  Credit Foncier Companies 3/,2009-07-31,,,CreditFon
7.  Credit Foncier Companies 3/,2009-08-31,,,CreditFon
7.  Credit Foncier Companies 3/,2009-09-30,0.44060000000000005,261.0,CreditFon
7.  Credit Foncier Companies 3/,2009-10-31,,,CreditFon
7.  Credit Foncier Companies 3/,2009-11-30,,,CreditFon
7.  Credit Foncier Companies 3/,2009-12-31,0.24780000000000002,155.0,CreditFon
7.  Credit Foncier Companies 3/,2010-01-31,,,CreditFon
7.  Credit Foncier Companies 3/,2010-02-28,,,CreditFon
7.  Credit Foncier Companies 3/,2010-03-31,,,CreditFon
7.  Credit Foncier Companies 3/,2010-04-30,,,CreditFon
7.  Credit Foncier Companies 3/,2010-05-31,,,CreditFon
7.  Credit Foncier Companies 3/,2010-06-30,,,CreditFon
7.  Credit Foncier Companies 3/,2010-07-31,,,CreditFon
7.  Credit Foncier Companies 3/,2010-08-31,,,CreditFon
7.  Credit Foncier Companies 3/,2010-09-30,,,CreditFon
7.  Credit Foncier Companies 3/,2010-10-31,,,CreditFon
7.  Credit Foncier Companies 3/,2010-11-30,,,CreditFon
7.  Credit Foncier Companies 3/,2010-12-31,,,CreditFon
7.  Credit Foncier Companies 3/,2011-01-31,,,CreditFon
7.  Credit Foncier Companies 3/,2011-02-28,,,CreditFon
7.  Credit Foncier Companies 3/,2011-03-31,,,CreditFon
7.  Credit Foncier Companies 3/,2011-04-30,,,CreditFon
7.  Credit Foncier Companies 3/,2011-05-31,,,CreditFon
7.  Credit Foncier Companies 3/,2011-06-30,,,CreditFon
7.  Credit Foncier Companies 3/,2011-07-31,,,CreditFon
7.  Credit Foncier Companies 3/,2011-08-31,,,CreditFon
7.  Credit Foncier Companies 3/,2011-09-30,,,CreditFon
7.  Credit Foncier Companies 3/,2011-10-31,,,CreditFon
7.  Credit Foncier Companies 3/,2011-11-30,,,CreditFon
7.  Credit Foncier Companies 3/,2011-12-31,,,CreditFon
7.  Credit Foncier Companies 3/,2012-01-31,,,CreditFon
7.  Credit Foncier Companies 3/,2012-02-29,,,CreditFon
7.  Credit Foncier Companies 3/,2012-03-31,,,CreditFon
7.  Credit Foncier Companies 3/,2012-04-30,,,CreditFon
7.  Credit Foncier Companies 3/,2012-05-31,,,CreditFon
7.  Credit Foncier Companies 3/,2012-06-30,,,CreditFon
7.  Credit Foncier Companies 3/,2012-07-31,,,CreditFon
7.  Credit Foncier Companies 3/,2012-08-31,,,CreditFon
7.  Credit Foncier Companies 3/,2012-09-30,,,CreditFon
7.  Credit Foncier Companies 3/,2012-10-31,,,CreditFon
7.  Credit Foncier Companies 3/,2012-11-30,,,CreditFon
7.  Credit Foncier Companies 3/,2012-12-31,,,CreditFon
7.  Credit Foncier Companies 3/,2013-01-31,,,CreditFon
7.  Credit Foncier Companies 3/,2013-02-28,,,CreditFon
7.  Credit Foncier Companies 3/,2013-03-31,,,CreditFon
7.  Credit Foncier Companies 3/,2013-04-30,,,CreditFon
7.  Credit Foncier Companies 3/,2013-05-31,,,CreditFon
7.  Credit Foncier Companies 3/,2013-06-30,,,CreditFon
7.  Credit Foncier Companies 3/,2013-07-31,,,CreditFon
7.  Credit Foncier Companies 3/,2013-08-31,,,CreditFon
7.  Credit Foncier Companies 3/,2013-09-30,,,CreditFon
7.  Credit Foncier Companies 3/,2013-10-31,,,CreditFon
7.  Credit Foncier Companies 3/,2013-11-30,,,CreditFon
7.  Credit Foncier Companies 3/,2013-12-31,,,CreditFon
7.  Credit Foncier Companies 3/,2014-01-31,,,CreditFon
7.  Credit Foncier Companies 3/,2014-02-28,,,CreditFon
7.  Credit Foncier Companies 3/,2014-03-31,,,CreditFon
7.  Credit Foncier Companies 3/,2014-04-30,,,CreditFon
7.  Credit Foncier Companies 3/,2014-05-31,,,CreditFon
7.  Credit Foncier Companies 3/,2014-06-30,,,CreditFon
7.  Credit Foncier Companies 3/,2014-07-31,,,CreditFon
7.  Credit Foncier Companies 3/,2014-08-31,,,CreditFon
7.  Credit Foncier Companies 3/,2014-09-30,,,CreditFon
7.  Credit Foncier Companies 3/,2014-10-31,,,CreditFon
7.  Credit Foncier Companies 3/,2014-11-30,,,CreditFon
7.  Credit Foncier Companies 3/,2014-12-31,,,CreditFon
7.  Credit Foncier Companies 3/,2015-01-31,,,CreditFon
7.  Credit Foncier Companies 3/,2015-02-28,,,CreditFon
7.  Credit Foncier Companies 3/,2015-03-31,,,CreditFon
7.  Credit Foncier Companies 3/,2015-04-30,,,CreditFon
7.  Credit Foncier Companies 3/,2015-05-31,,,CreditFon
7.  Credit Foncier Companies 3/,2015-06-30,,,CreditFon
7.  Credit Foncier Companies 3/,2015-07-31,,,CreditFon
7.  Credit Foncier Companies 3/,2015-08-31,,,CreditFon
7.  Credit Foncier Companies 3/,2015-09-30,,,CreditFon
7.  Credit Foncier Companies 3/,2015-10-31,,,CreditFon
7.  Credit Foncier Companies 3/,2015-11-30,,,CreditFon
7.  Credit Foncier Companies 3/,2015-12-31,,,CreditFon
7.  Credit Foncier Companies 3/,2016-01-31,,,CreditFon
7.  Credit Foncier Companies 3/,2016-02-29,,,CreditFon
7.  Credit Foncier Companies 3/,2016-03-31,,,CreditFon
7.  Credit Foncier Companies 3/,2016-04-30,,,CreditFon
7.  Credit Foncier Companies 3/,2016-05-31,,,CreditFon
7.  Credit Foncier Companies 3/,2016-06-30,,,CreditFon
7.  Credit Foncier Companies 3/,2016-07-31,,,CreditFon
7.  Credit Foncier Companies 3/,2016-08-31,,,CreditFon
7.  Credit Foncier Companies 3/,2016-09-30,,,CreditFon
7.  Credit Foncier Companies 3/,2016-10-31,,,CreditFon
7.  Credit Foncier Companies 3/,2016-11-30,,,CreditFon
7.  Credit Foncier Companies 3/,2016-12-31,,,CreditFon
7.  Credit Foncier Companies 3/,2017-01-31,,,CreditFon
7.  Credit Foncier Companies 3/,2017-02-28,,,CreditFon
7.  Credit Foncier Companies 3/,2017-03-31,,,CreditFon
7.  Credit Foncier Companies 3/,2017-04-30,,,CreditFon
7.  Credit Foncier Companies 3/,2017-05-31,,,CreditFon
7.  Credit Foncier Companies 3/,2017-06-30,,,CreditFon
7.  Credit Foncier Companies 3/,2017-07-31,,,CreditFon
7.  Credit Foncier Companies 3/,2017-08-31,,,CreditFon
7.  Credit Foncier Companies 3/,2017-09-30,,,CreditFon
7.  Credit Foncier Companies 3/,2017-10-31,,,CreditFon
7.  Credit Foncier Companies 3/,2017-11-30,,,CreditFon
7.  Credit Foncier Companies 3/,2017-12-31,,,CreditFon
7.  Credit Foncier Companies 3/,2018-01-31,,,CreditFon
7.  Credit Foncier Companies 3/,2018-02-28,,,CreditFon
7.  Credit Foncier Companies 3/,2018-03-31,,,CreditFon
7.  Credit Foncier Companies 3/,2018-04-30,,,CreditFon
7.  Credit Foncier Companies 3/,2018-05-31,,,CreditFon
7.  Credit Foncier Companies 3/,2018-06-30,,,CreditFon
7.  Credit Foncier Companies 3/,2018-07-31,,,CreditFon
7.  Credit Foncier Companies 3/,2018-08-31,,,CreditFon
7.  Credit Foncier Companies 3/,2018-09-30,,,CreditFon
7.  Credit Foncier Companies 3/,2018-10-31,,,CreditFon
7.  Credit Foncier Companies 3/,2018-11-30,,,CreditFon
7.  Credit Foncier Companies 3/,2018-12-31,,,CreditFon
7.  Credit Foncier Companies 3/,2019-01-31,,,CreditFon
7.  Credit Foncier Companies 3/,2019-02-28,,,CreditFon
7.  Credit Foncier Companies 3/,2019-03-31,,,CreditFon
7.  Credit Foncier Companies 3/,2019-04-30,,,CreditFon
7.  Credit Foncier Companies 3/,2019-05-31,,,CreditFon
7.  Credit Foncier Companies 3/,2019-06-30,,,CreditFon
7.  Credit Foncier Companies 3/,2019-07-31,,,CreditFon
7.  Credit Foncier Companies 3/,2019-08-31,,,CreditFon
7.  Credit Foncier Companies 3/,2019-09-30,,,CreditFon
7.  Credit Foncier Companies 3/,2019-10-31,,,CreditFon
7.  Credit Foncier Companies 3/,2019-11-30,,,CreditFon
7.  Credit Foncier Companies 3/,2019-12-31,,,CreditFon
8.  Total Financial Institutions (5+6+7),2006-12-31,0.0412,236793.0,Total
8.  Total Financial Institutions (5+6+7),2007-01-31,0.0412,236793.0,Total
8.  Total Financial Institutions (5+6+7),2007-02-28,0.0412,236793.0,Total
8.  Total Financial Institutions (5+6+7),2007-03-31,0.0418,240319.0,Total
8.  Total Financial Institutions (5+6+7),2007-04-30,0.0418,240319.0,Total
8.  Total Financial Institutions (5+6+7),2007-05-31,0.0418,240319.0,Total
8.  Total Financial Institutions (5+6+7),2007-06-30,0.044000000000000004,254637.0,Total
8.  Total Financial Institutions (5+6+7),2007-07-31,0.044000000000000004,254637.0,Total
8.  Total Financial Institutions (5+6+7),2007-08-31,,,Total
8.  Total Financial Institutions (5+6+7),2007-09-30,0.0444,260722.0,Total
8.  Total Financial Institutions (5+6+7),2007-10-31,,,Total
8.  Total Financial Institutions (5+6+7),2007-11-30,,,Total
8.  Total Financial Institutions (5+6+7),2007-12-31,0.0395,237998.0,Total
8.  Total Financial Institutions (5+6+7),2008-01-31,,,Total
8.  Total Financial Institutions (5+6+7),2008-02-29,,,Total
8.  Total Financial Institutions (5+6+7),2008-03-31,0.0375,249718.0,Total
8.  Total Financial Institutions (5+6+7),2008-04-30,,,Total
8.  Total Financial Institutions (5+6+7),2008-05-31,,,Total
8.  Total Financial Institutions (5+6+7),2008-06-30,0.034300000000000004,232170.0,Total
8.  Total Financial Institutions (5+6+7),2008-07-31,,,Total
8.  Total Financial Institutions (5+6+7),2008-08-31,,,Total
8.  Total Financial Institutions (5+6+7),2008-09-30,0.0329,230038.0,Total
8.  Total Financial Institutions (5+6+7),2008-10-31,,,Total
8.  Total Financial Institutions (5+6+7),2008-11-30,,,Total
8.  Total Financial Institutions (5+6+7),2008-12-31,0.0294,217511.0,Total
8.  Total Financial Institutions (5+6+7),2009-01-31,,,Total
8.  Total Financial Institutions (5+6+7),2009-02-28,,,Total
8.  Total Financial Institutions (5+6+7),2009-03-31,0.031,230420.0,Total
8.  Total Financial Institutions (5+6+7),2009-04-30,,,Total
8.  Total Financial Institutions (5+6+7),2009-05-31,,,Total
8.  Total Financial Institutions (5+6+7),2009-06-30,0.030600000000000002,224677.0,Total
8.  Total Financial Institutions (5+6+7),2009-07-31,,,Total
8.  Total Financial Institutions (5+6+7),2009-08-31,,,Total
8.  Total Financial Institutions (5+6+7),2009-09-30,0.029500000000000002,218537.0,Total
8.  Total Financial Institutions (5+6+7),2009-10-31,,,Total
8.  Total Financial Institutions (5+6+7),2009-11-30,,,Total
8.  Total Financial Institutions (5+6+7),2009-12-31,0.0268,205212.0,Total
8.  Total Financial Institutions (5+6+7),2010-01-31,,,Total
8.  Total Financial Institutions (5+6+7),2010-02-28,,,Total
8.  Total Financial Institutions (5+6+7),2010-03-31,0.0252,201569.0,Total
8.  Total Financial Institutions (5+6+7),2010-04-30,,,Total
8.  Total Financial Institutions (5+6+7),2010-05-31,,,Total
8.  Total Financial Institutions (5+6+7),2010-06-30,0.0242,190400.0,Total
8.  Total Financial Institutions (5+6+7),2010-07-31,,,Total
8.  Total Financial Institutions (5+6+7),2010-08-31,,,Total
8.  Total Financial Institutions (5+6+7),2010-09-30,0.022799999999999997,184815.0,Total
8.  Total Financial Institutions (5+6+7),2010-10-31,,,Total
8.  Total Financial Institutions (5+6+7),2010-11-30,,,Total
8.  Total Financial Institutions (5+6+7),2010-12-31,0.0191,165238.0,Total
8.  Total Financial Institutions (5+6+7),2011-01-31,,,Total
8.  Total Financial Institutions (5+6+7),2011-02-28,,,Total
8.  Total Financial Institutions (5+6+7),2011-03-31,0.0176,163394.0,Total
8.  Total Financial Institutions (5+6+7),2011-04-30,,,Total
8.  Total Financial Institutions (5+6+7),2011-05-31,,,Total
8.  Total Financial Institutions (5+6+7),2011-06-30,0.0163,155431.0,Total
8.  Total Financial Institutions (5+6+7),2011-07-31,,,Total
8.  Total Financial Institutions (5+6+7),2011-08-31,,,Total
8.  Total Financial Institutions (5+6+7),2011-09-30,0.0146,138676.0,Total
8.  Total Financial Institutions (5+6+7),2011-10-31,,,Total
8.  Total Financial Institutions (5+6+7),2011-11-30,,,Total
8.  Total Financial Institutions (5+6+7),2011-12-31,0.013500000000000002,130191.0,Total
8.  Total Financial Institutions (5+6+7),2012-01-31,,,Total
8.  Total Financial Institutions (5+6+7),2012-02-29,,,Total
8.  Total Financial Institutions (5+6+7),2012-03-31,0.0132,132438.0,Total
8.  Total Financial Institutions (5+6+7),2012-04-30,,,Total
8.  Total Financial Institutions (5+6+7),2012-05-31,,,Total
8.  Total Financial Institutions (5+6+7),2012-06-30,0.0125,128799.0,Total
8.  Total Financial Institutions (5+6+7),2012-07-31,,,Total
8.  Total Financial Institutions (5+6+7),2012-08-31,,,Total
8.  Total Financial Institutions (5+6+7),2012-09-30,0.011699999999999999,125492.0,Total
8.  Total Financial Institutions (5+6+7),2012-10-31,,,Total
8.  Total Financial Institutions (5+6+7),2012-11-30,,,Total
8.  Total Financial Institutions (5+6+7),2012-12-31,0.0101,112857.0,Total
8.  Total Financial Institutions (5+6+7),2013-01-31,,,Total
8.  Total Financial Institutions (5+6+7),2013-02-28,,,Total
8.  Total Financial Institutions (5+6+7),2013-03-31,0.0097,113013.0,Total
8.  Total Financial Institutions (5+6+7),2013-04-30,,,Total
8.  Total Financial Institutions (5+6+7),2013-05-31,,,Total
8.  Total Financial Institutions (5+6+7),2013-06-30,0.01,119110.0,Total
8.  Total Financial Institutions (5+6+7),2013-07-31,,,Total
8.  Total Financial Institutions (5+6+7),2013-08-31,,,Total
8.  Total Financial Institutions (5+6+7),2013-09-30,0.0103,122270.0,Total
8.  Total Financial Institutions (5+6+7),2013-10-31,,,Total
8.  Total Financial Institutions (5+6+7),2013-11-30,,,Total
8.  Total Financial Institutions (5+6+7),2013-12-31,0.0102,124419.0,Total
8.  Total Financial Institutions (5+6+7),2014-01-31,,,Total
8.  Total Financial Institutions (5+6+7),2014-02-28,,,Total
8.  Total Financial Institutions (5+6+7),2014-03-31,0.0108,132683.0,Total
8.  Total Financial Institutions (5+6+7),2014-04-30,,,Total
8.  Total Financial Institutions (5+6+7),2014-05-31,,,Total
8.  Total Financial Institutions (5+6+7),2014-06-30,0.011000000000000001,135055.0,Total
8.  Total Financial Institutions (5+6+7),2014-07-31,,,Total
8.  Total Financial Institutions (5+6+7),2014-08-31,,,Total
8.  Total Financial Institutions (5+6+7),2014-09-30,0.0118,146184.0,Total
8.  Total Financial Institutions (5+6+7),2014-10-31,,,Total
8.  Total Financial Institutions (5+6+7),2014-11-30,,,Total
8.  Total Financial Institutions (5+6+7),2014-12-31,0.0108,137634.0,Total
8.  Total Financial Institutions (5+6+7),2015-01-31,,,Total
8.  Total Financial Institutions (5+6+7),2015-02-28,,,Total
8.  Total Financial Institutions (5+6+7),2015-03-31,0.0115,148656.0,Total
8.  Total Financial Institutions (5+6+7),2015-04-30,,,Total
8.  Total Financial Institutions (5+6+7),2015-05-31,,,Total
8.  Total Financial Institutions (5+6+7),2015-06-30,0.0118,153174.0,Total
8.  Total Financial Institutions (5+6+7),2015-07-31,,,Total
8.  Total Financial Institutions (5+6+7),2015-08-31,,,Total
8.  Total Financial Institutions (5+6+7),2015-09-30,0.0127,162205.0,Total
8.  Total Financial Institutions (5+6+7),2015-10-31,,,Total
8.  Total Financial Institutions (5+6+7),2015-11-30,,,Total
8.  Total Financial Institutions (5+6+7),2015-12-31,0.0121,157564.0,Total
8.  Total Financial Institutions (5+6+7),2016-01-31,,,Total
8.  Total Financial Institutions (5+6+7),2016-02-29,,,Total
8.  Total Financial Institutions (5+6+7),2016-03-31,0.0124,165821.0,Total
8.  Total Financial Institutions (5+6+7),2016-04-30,,,Total
8.  Total Financial Institutions (5+6+7),2016-05-31,,,Total
8.  Total Financial Institutions (5+6+7),2016-06-30,0.0129,175154.0,Total
8.  Total Financial Institutions (5+6+7),2016-07-31,,,Total
8.  Total Financial Institutions (5+6+7),2016-08-31,,,Total
8.  Total Financial Institutions (5+6+7),2016-09-30,0.0137,184042.0,Total
8.  Total Financial Institutions (5+6+7),2016-10-31,,,Total
8.  Total Financial Institutions (5+6+7),2016-11-30,,,Total
8.  Total Financial Institutions (5+6+7),2016-12-31,0.013300000000000001,178148.0,Total
8.  Total Financial Institutions (5+6+7),2017-01-31,,,Total
8.  Total Financial Institutions (5+6+7),2017-02-28,,,Total
8.  Total Financial Institutions (5+6+7),2017-03-31,0.0138,187003.0,Total
8.  Total Financial Institutions (5+6+7),2017-04-30,,,Total
8.  Total Financial Institutions (5+6+7),2017-05-31,,,Total
8.  Total Financial Institutions (5+6+7),2017-06-30,0.0137,189728.0,Total
8.  Total Financial Institutions (5+6+7),2017-07-31,,,Total
8.  Total Financial Institutions (5+6+7),2017-08-31,,,Total
8.  Total Financial Institutions (5+6+7),2017-09-30,0.013999999999999999,199218.0,Total
8.  Total Financial Institutions (5+6+7),2017-10-31,,,Total
8.  Total Financial Institutions (5+6+7),2017-11-30,,,Total
8.  Total Financial Institutions (5+6+7),2017-12-31,0.0139,201320.0,Total
8.  Total Financial Institutions (5+6+7),2018-01-31,,,Total
8.  Total Financial Institutions (5+6+7),2018-02-28,,,Total
8.  Total Financial Institutions (5+6+7),2018-03-31,0.013999999999999999,210176.0,Total
8.  Total Financial Institutions (5+6+7),2018-04-30,,,Total
8.  Total Financial Institutions (5+6+7),2018-05-31,,,Total
8.  Total Financial Institutions (5+6+7),2018-06-30,0.0143,212494.0,Total
8.  Total Financial Institutions (5+6+7),2018-07-31,,,Total
8.  Total Financial Institutions (5+6+7),2018-08-31,,,Total
8.  Total Financial Institutions (5+6+7),2018-09-30,0.0144,213787.0,Total
8.  Total Financial Institutions (5+6+7),2018-10-31,,,Total
8.  Total Financial Institutions (5+6+7),2018-11-30,,,Total
8.  Total Financial Institutions (5+6+7),2018-12-31,0.0141,209599.0,Total
8.  Total Financial Institutions (5+6+7),2019-01-31,,,Total
8.  Total Financial Institutions (5+6+7),2019-02-28,,,Total
8.  Total Financial Institutions (5+6+7),2019-03-31,0.014199999999999999,216311.0,Total
8.  Total Financial Institutions (5+6+7),2019-04-30,,,Total
8.  Total Financial Institutions (5+6+7),2019-05-31,,,Total
8.  Total Financial Institutions (5+6+7),2019-06-30,0.0146,219515.0,Total
8.  Total Financial Institutions (5+6+7),2019-07-31,,,Total
8.  Total Financial Institutions (5+6+7),2019-08-31,,,Total
8.  Total Financial Institutions (5+6+7),2019-09-30,0.015,230294.0,Total
8.  Total Financial Institutions (5+6+7),2019-10-31,,,Total
8.  Total Financial Institutions (5+6+7),2019-11-30,,,Total
8.  Total Financial Institutions (5+6+7),2019-12-31,0.015300000000000001,236492.0,Total
